latitude,longitude,mn_percent,fe_percent,sio2_percent,p_percent,area_hectares,depth_meters,potential_level
17.18359101020258,83.46176355725474,26.239937497182623,6.54202378071669,10.972304640939619,0.3093027816311288,1354.6602901979873,314.45061855532634,MEDIUM
22.081071604484286,75.75816262281742,17.366492331972484,14.275793503110572,9.692855302230956,0.1189545448420665,560.7573701065637,560.9749780184993,LOW
20.221948505396945,75.73229729105446,28.517753531542656,7.334866396899827,29.826308088461037,0.398957825341926,1862.5587305524216,362.49975869345496,MEDIUM
19.088597115674812,78.89790730107018,25.270177337091987,9.015575136070655,12.563090391648936,0.2952464956276966,482.87137978735035,336.8789865309669,MEDIUM
15.326158443760711,80.630753499249,37.34498111125531,7.936776405824498,27.710003709432904,0.11288155342278171,3275.5572229428985,289.05515778455333,HIGH
15.325953422857722,83.58927788698183,34.99071523193878,7.291080037638708,21.07114090657126,0.4349352229924827,724.1707330074963,149.29402407216833,MEDIUM
14.493710703429695,82.6746014543683,27.03159303051882,18.862797128092005,9.868556470610471,0.2573461853341283,959.4039238339578,32.12020666629374,LOW
21.36249723908695,80.18197841695586,22.190454290414674,9.142736217896026,30.930756594513618,0.07915938074866201,1482.5641914088994,167.65854930795493,LOW
19.109477599817275,78.3730799959575,47.60518688313453,20.688228073560087,13.92706800780542,0.3007331617660269,1402.7591931010277,320.54220781403217,HIGH
20.018616911266385,85.96980725165596,29.98205349947179,21.458677456213437,28.631488288462556,0.1512795628051241,2801.853834152823,246.57717278805896,MEDIUM
14.174968201514321,79.97490367347771,37.71304978074782,14.282688458867753,12.051440138829541,0.371477380750921,1651.477189873272,285.6365799615013,MEDIUM
22.244233743376952,80.23956375546159,19.638247930085907,6.574020207983075,28.49462917140447,0.37712882942647624,680.6120840113455,588.9694851515083,LOW
21.075762446803584,77.21805012251252,31.024460088760126,10.741868380832463,8.317491509727056,0.44157894234186473,1008.5136446526519,229.65525128151674,MEDIUM
15.804882440765347,83.84550026187426,15.90871175569236,18.359180740267853,20.282730957667535,0.2507478124098015,1830.985509637575,287.7442754352615,LOW
15.545512221260356,82.78366337070563,31.68001889104485,10.613033116547268,26.466621906117364,0.23198275189109485,601.3433192488586,106.10386427110716,MEDIUM
15.558938333754188,77.81808093428198,46.812574434884176,5.566309929450197,30.435092419826802,0.35139024217859227,2179.629297196448,57.335907489082956,HIGH
16.58605906515607,76.36500097896635,27.678821528531408,14.022128396707384,29.82085126895569,0.10298826253677063,2023.540842273896,471.98342331772193,LOW
18.46042966887402,82.64524267178449,16.286868414972083,19.212175326928627,27.67099686914348,0.26876620551724967,2529.987875699676,355.2894097910278,LOW
17.671532658457984,82.37236774995192,16.021541100338336,18.326674968583042,29.316592391871296,0.2684990400523404,3288.1956922898503,463.60173944502014,LOW
16.475447691683357,78.3692250334812,27.803563078246693,7.152216522346358,12.781272460089836,0.08578924912415489,3201.665507743929,115.42179536533443,MEDIUM
19.200749605140224,85.48406740362931,20.280822903285404,16.109763059424402,14.820423097081491,0.21719363420276544,3316.6571014340266,355.94239957413384,LOW
15.185697815542355,77.08610786369945,15.770619178830135,7.969076741841648,14.935244598105404,0.3913139194268808,932.0330298805832,174.57621037458406,LOW
16.483229512549354,80.03951541094732,39.955049260355835,7.9277356219391,17.04929434404077,0.3924614487978641,547.3220425738057,159.99523563301136,HIGH
17.11407566799638,85.40796716175979,30.131259293102392,19.733291919493333,17.439696089244528,0.08969506596787241,1127.740781687925,36.5698280102016,LOW
17.876594865844805,79.90713682772429,24.5450774750976,8.494041149324143,21.06932779171221,0.08628835309913235,3143.28958740547,104.29421243437098,MEDIUM
20.673995671840615,82.2045224504729,44.70274503954386,8.738452237324202,11.837114320794594,0.15507819080077412,3404.98181371986,206.28282355482636,HIGH
15.697227148346057,79.67474117860934,18.832585686617346,4.011761033703392,24.589919930863744,0.3999064250215974,3021.7048336396183,96.62089353683525,LOW
18.3709927265157,78.37925962466103,46.54532135552553,19.67204261425932,12.021596943308156,0.10156103402939959,474.06025183364824,591.9393110342344,HIGH
19.03552383532736,85.8317653035782,25.360901673452645,18.266706637764425,15.447403570509142,0.3379987210509785,3321.2551934032967,205.92060965865187,LOW
14.39482850811998,79.79800706630795,44.317321186186476,15.291920831632204,20.0802831345477,0.0904662478452413,1539.4172929926724,104.28464962032706,HIGH
19.164131241162227,84.88804163863091,34.89711492382223,17.50478375089916,27.114573476563457,0.2992551414991302,131.6549885920025,143.47691831193592,LOW
15.449455051341978,77.91452336185641,42.281342871469086,6.736874213640853,25.747261597729455,0.19242691964765796,1604.1387185438582,364.9908401546416,MEDIUM
14.552938540374877,77.73759939226338,47.47243438594532,12.249824702576358,23.492824553852536,0.3655655851863468,256.6351768965898,66.50480860292944,HIGH
22.06552706665333,75.82690787028737,24.51737944801861,10.321948972278056,11.738558253924083,0.14347617953014546,1949.1849319477997,521.5874541804594,MEDIUM
22.207872281133753,82.3425016664468,46.71747101845057,5.687977472626297,21.129088294773865,0.3056807317559839,1251.0836932859745,578.054817165174,HIGH
20.87137745898992,79.3695266090995,27.852902531779872,12.750348733868634,10.09871604319725,0.14427301383035399,1709.6787742197657,170.6460297804071,MEDIUM
16.58921703797365,84.5757616233162,27.721892856318437,20.573313706167436,17.056716243119617,0.33546411324486153,2184.779226526598,286.55430309678985,LOW
14.830212969054262,80.46870402026136,26.232774440398686,4.721064142912501,17.92439672695902,0.3994712138242995,3053.923725780589,42.61663708681333,MEDIUM
19.815980725353334,85.66603099310458,32.86645104247032,9.24629644288829,8.955474546698092,0.10072071965070402,2350.465360004557,395.20482809451624,HIGH
17.74129619678661,77.44801791488277,20.086786424890075,7.735736851702662,14.575714387279323,0.3966382754382014,1575.7661528258143,265.93785308997565,LOW
15.03732499618062,84.62054326353392,33.27247901681437,8.286639765982533,30.935587214395746,0.2874301017657192,2886.0547024792413,183.93332567788676,MEDIUM
18.209003735945796,83.65426695431329,32.87625880953013,20.351821933828756,30.887182587912548,0.10084419634680959,3178.9792677486494,147.89715305146683,MEDIUM
14.292302429479356,83.59467936876254,40.14275981596071,12.425242976217222,16.455849302060944,0.22101674214388484,507.18388586947054,402.79315426549346,HIGH
21.729223417669647,84.37022389522733,42.51044874394032,12.393389432916738,9.034402614759777,0.11434411739403916,1908.572123679491,267.24370768841925,HIGH
16.199629843600142,83.49075190490149,29.534564560309995,17.69036156419508,12.298278543876357,0.3301391555466278,1067.3406631243101,132.40579474704987,MEDIUM
19.631439417008846,82.07531337712986,24.976997228599295,6.780859672088664,17.413227042404962,0.3535472537671799,260.0080727816212,422.7921764474897,LOW
16.649544146759993,76.87807121566507,23.558051611464116,12.770776373800913,30.746712751261516,0.09231860810911958,2373.0587633875502,352.0912013309154,MEDIUM
18.42057818001139,75.84152488465814,21.422586611260773,11.739733854179075,11.388777524892438,0.25245594107785774,3033.420643361367,519.4430713098128,MEDIUM
18.647037374417877,85.16890240206472,16.90237021256782,14.74439242983981,26.324380248037095,0.37585002241036686,653.8690252231397,96.96126235960095,LOW
15.57126287196698,81.97482830246776,26.30078330154554,21.992038658507894,10.60838094499261,0.4244652166203986,2862.206435921262,477.82996310834,MEDIUM
22.241469335998747,83.86364155524986,23.91817384031585,17.850080093476848,31.550181857390644,0.255407146696708,3001.545494025602,413.9045684858376,LOW
20.588628998569476,80.55598469088177,46.89177373359144,11.16158265431369,17.15879597861924,0.43011168944456285,3208.757505066044,95.55623399201576,HIGH
21.985741003295608,76.73173598410514,33.40439126625145,18.895954940932846,26.605628933577343,0.2642755881824119,1001.9693028925782,426.0478160268808,MEDIUM
21.606032478635015,76.81445081812677,26.46014228800675,7.072750539624643,16.222185987467164,0.20767619783996322,3173.4404216456237,281.68195466150337,MEDIUM
19.082149819894223,82.6984355159042,34.155430832791964,4.548346353561282,23.06405305181141,0.3892812514211582,1190.2533661038697,568.6413277668306,HIGH
21.835930997696494,80.01821189644436,19.593491144407952,7.680070704356915,12.608386033760882,0.24719308418323566,1977.9492457487095,110.7184698522026,LOW
14.752186267441315,77.60550963035354,29.653443723672694,10.127408010056673,11.504504463127102,0.2387610042258092,271.7254008297592,396.41503276497065,LOW
15.665854330562734,80.66174274078509,35.665732606895105,13.190453634272078,30.513539349635153,0.24612499576393132,249.19570045372825,247.7286259138792,MEDIUM
14.384431955739574,76.1741938392889,31.133628449150894,15.072324529741596,30.023534669706404,0.38871400074789814,2549.26892328949,575.3843622368004,MEDIUM
16.765307811487748,81.61069972010118,28.2587004215927,20.39090290985959,29.299254565109177,0.38277661667522084,1611.2319251244896,218.08569031545758,LOW
17.3037569623606,78.32443074656852,47.79699683369004,13.177372171908239,23.010402803998243,0.21140799697608448,971.3940762553397,578.4459684103261,HIGH
16.306466770078117,83.87437055669048,44.05038715091459,13.022961603263129,27.398437069190678,0.18331994394821,747.4058864846946,543.846935127427,HIGH
21.0442688277914,78.75880056869752,35.572396619261525,4.904374176813678,9.656886485872999,0.24677120961565174,2377.8418689213413,184.1184441270741,HIGH
17.032403276895508,80.27981156535891,33.78945291901533,4.628407947812029,16.0349370053763,0.2791090038948436,101.36524968615556,488.0188127910638,MEDIUM
16.387943332342736,75.62201566903505,35.48179583421127,13.920879314494698,15.52887499417175,0.14533488425119878,2840.0299752693045,597.4943950279984,HIGH
18.612916706845112,76.26069232184287,21.6432995581403,11.8872150384702,23.255487726862718,0.3675820338862363,369.448660841758,174.01791123763093,LOW
15.197855912285483,79.62118234227019,28.039545527722513,19.105247109645376,16.542986563295372,0.24459310629296915,751.0646906876061,278.9629865142922,LOW
20.818674336409337,80.5393577645298,16.302164585399677,6.892232524813213,11.56416275944834,0.18361821936798384,1413.2037440169047,326.50301984305304,LOW
14.633680471278051,81.8002157552527,30.69301923706528,4.4494899181068925,22.31520980992505,0.09272839718559625,1748.5197150347522,198.11074740820266,MEDIUM
22.388538961104395,78.56245707644769,32.919811270602885,12.082697822742265,27.545214096057954,0.14553806416144277,1306.9833937674023,38.700958598236966,LOW
20.56408053902159,82.79730980432869,22.515741291405917,8.274614021540636,17.170963867039355,0.4297124687023935,1190.4213609465992,155.4736691925902,LOW
15.689083293040465,84.53128517048665,46.81295195646196,4.893058720099074,11.174449162363562,0.17203987472781063,3377.3144410488408,190.7040240748023,HIGH
14.046937995550621,83.68843538338017,45.012002160928986,17.04276916325732,12.720516735507754,0.11754371574681413,2281.3709162275404,282.85182975136667,HIGH
20.93142214186609,75.91599766615775,38.83072677004489,6.008673999230455,13.699599324065215,0.2342691166619973,179.6720482491199,127.52841269563906,HIGH
20.008287422704747,80.54532294620721,32.601758749256966,14.94975100013989,15.19754223186887,0.17283509734409946,1562.5980887106648,527.7549833142534,HIGH
20.19656092834839,76.60176687339083,43.7089822683736,9.058895503004004,23.42708169215142,0.06406370010847767,3075.029579129499,431.7993456568616,HIGH
20.555797946830538,78.04147266655654,19.311527346174277,7.122928906390396,22.422691628905255,0.17925808691176692,1124.951033796271,78.56427220900733,LOW
14.629379539739768,85.85995722930504,41.086823211071206,10.835527412547714,24.70591667760894,0.26764344957578745,421.49157223292,400.5526971497609,MEDIUM
17.04695869262632,76.99620320046589,19.119086860905995,18.426023972013166,16.700047628756316,0.27068494880798677,2678.5082234057204,402.5841915512036,LOW
14.984887005963603,80.73832561123923,41.208951864130384,11.057684384282307,27.77594364511948,0.1926235684707555,2160.4470285826765,575.0460689768678,HIGH
21.336379119942546,81.99063521034024,24.10032975229478,17.513853685799003,12.898103867738246,0.22892110250104025,2039.0625266101133,31.721896673011912,LOW
19.29803407803424,82.87588219071309,43.94398917360023,6.258753342384712,19.256977940435696,0.4362071672939066,282.1603026651869,171.3214963893101,HIGH
16.81263321124752,81.3763111766126,46.15338909623813,17.909885553971424,27.222529316994326,0.20093939089212465,577.696633304759,558.8411432439298,HIGH
14.540245977431201,75.60259389790143,19.910266990368818,8.264799848319676,12.323807545582863,0.15329072530399318,2216.667947124587,561.3163317770213,MEDIUM
16.64334973458313,78.92784373656191,30.268294967157985,16.19307633799971,10.636714729778792,0.14738681762670405,806.6010609600418,440.73425904126333,MEDIUM
16.76405823722735,80.93597225553947,47.37258347936861,14.184067987137935,29.208415224511754,0.23310584508165366,1813.8382711446427,466.4850929970978,HIGH
20.201652515873544,76.42259824102075,30.95244538711384,20.724604909810374,16.230311906220702,0.3538080594867776,1952.5977324999378,82.14528601989886,LOW
19.419238506519314,79.18158277769639,43.49706824297999,10.971805323555653,24.412882997816766,0.13239527367538928,1063.924446921194,322.90922582359315,HIGH
21.541308311898774,75.84863264230935,34.428140230333554,5.190973399019928,8.608366502334523,0.33371845085630725,3324.6455288410757,162.00230503472966,HIGH
18.01382686387657,76.32507422012772,27.385886961346863,4.3447987399225525,24.56112532182679,0.058459929339766514,2964.3779632409555,133.29428485976183,MEDIUM
15.016551090475565,79.66769440011676,24.430857332353717,18.883454097509556,15.586431477127292,0.21757319119357843,2556.069925951515,491.8728805002996,MEDIUM
20.062580691395457,76.89351541745214,21.70636200584088,13.445241477905778,9.337780486098602,0.36034602608111477,365.1791457919909,106.97173790791203,LOW
20.466672913243627,81.45917890674636,40.13934031546401,17.954392933029087,22.63550627715481,0.18549318230977258,460.8420656506661,297.13143308793957,MEDIUM
18.77085617934072,82.73938217594129,27.75583672515992,8.219660800207265,13.779291585756159,0.2754948405781598,1775.4565759408495,564.9895965640388,MEDIUM
20.553221029613766,83.90616034064537,31.872090252624787,10.211507419238206,17.28337380924512,0.13199169313036432,646.4253872493513,135.92427167224525,MEDIUM
18.197262569097322,77.6015775645705,31.246740840039003,4.5418696998037404,9.933939494876327,0.3467981564504689,3426.1025760002117,587.4562515307937,HIGH
18.44322904974695,77.25856711372023,34.05020796469333,21.30686184233402,11.531918026278689,0.07091164130750385,638.9687956931921,596.7441518838036,MEDIUM
17.634098656047673,76.5979623235112,43.56404580561022,16.02162232061464,15.151453651900251,0.39101705795020014,1757.3906405775115,346.70177816896967,MEDIUM
14.21606257732481,82.18251762020819,47.36439833825317,20.79769157966751,10.15422801344377,0.12927855456866727,1338.0115932611184,126.98136190098,HIGH
14.917077129443088,82.91799512811247,28.45027888293596,8.778935333723302,29.859830352471565,0.3997592126833323,2273.913832943933,210.17978612631052,LOW
14.267148078337241,75.83165452066925,42.308124429508,15.006345002061895,8.145129036415483,0.19101169652020694,538.7237902240447,271.96091462562504,HIGH
19.40948849574213,85.33022858555874,40.22941722360568,16.21299942926748,19.612645252743473,0.33907342978979466,1563.075855344129,206.31480788418708,MEDIUM
16.672025839148777,76.04569847834046,33.926455398033916,9.715894604636592,10.957938995181234,0.1776901191144754,1033.9971115442884,189.962280529614,MEDIUM
18.322850874899974,81.18361152066124,46.54955573919379,19.265966230281343,15.384298147470766,0.41236466849385905,3118.3551838837393,584.1709342533238,HIGH
21.71431502837179,82.94513545423462,21.61565901243729,21.04890633220446,30.22542943563837,0.10065485020734975,237.99142125796328,117.41795162697501,LOW
16.118983947765436,84.6451757993339,18.605718940217507,19.927392118528076,11.880669278575684,0.12140791570903949,3206.6734796219616,447.9969079686115,MEDIUM
17.488254845802853,82.99791278739049,43.180744909528926,17.303205566908705,31.179975673239984,0.24721205006352093,2932.1800710802013,30.233864980329678,HIGH
20.422184677615913,83.91814487223282,29.491943948913693,8.994364235049172,12.939065047746121,0.08277537561525845,1111.7404358987724,369.8241215593548,MEDIUM
15.94478440667879,79.06422702169947,42.949972188832994,9.06908875790137,25.79758660320391,0.12839207388070478,2783.588225902156,552.0875122538099,HIGH
14.65432923354474,84.05566369433838,44.471976771448695,21.34048576802868,21.12025435753548,0.42750655288480577,206.12610515174168,194.12243363313485,MEDIUM
16.46288734976703,76.3412058870391,17.06110058942936,4.1851209268424565,29.227489462322218,0.4405958644591549,3387.3428709975383,135.74980589689994,LOW
15.370380941659038,84.89557488863554,44.154337178540004,16.8888995183586,21.295838132075144,0.2005037317321688,1890.4228048052837,401.45748308070335,HIGH
21.90243004491187,81.24971994961423,29.79452882719093,16.712430925994717,20.829421259751406,0.41931440840557427,1131.155488622514,436.1828021600841,MEDIUM
20.869023226297543,84.08162658460618,31.84427213713966,15.208411737096354,12.690992008841597,0.2679298702693727,1332.782922821902,422.17739580262935,MEDIUM
19.383931930338598,80.24934198744215,35.67755286607594,21.821959229563586,11.989504689239808,0.15789698634950683,325.77820176569105,212.0106216121832,MEDIUM
21.4074150165956,82.25756579956351,45.57062602209287,9.613829843747055,29.99573962677234,0.33095948843223943,3463.788347742933,173.7553692308186,HIGH
20.831212653642474,81.02722793982919,15.630831116182213,10.119493548278466,15.868116772400818,0.3135607226299429,233.59261351235435,574.8737159783652,LOW
15.585845500531304,83.18168997843098,30.735834454487964,5.420909253037999,16.929974119109502,0.4456501276434934,2326.684218702721,556.2807197138598,MEDIUM
21.58675148716481,76.3571148113212,37.6948274002085,11.970366457787275,26.235767802281323,0.15601891496371334,1605.3021542019583,290.67046763890755,HIGH
18.584409056283032,76.13369688190092,38.84932960404154,8.698873472227266,16.13176357814738,0.31882380106469416,3326.3151418416314,512.3305037079929,HIGH
20.86324131889453,78.09458395710654,37.853570240724565,10.180960639197597,30.849498719336065,0.07080950201177877,936.3991170431036,287.82438225154874,HIGH
21.616776049349692,77.17521914118848,19.43635927046802,19.022292224601298,25.710266455971208,0.09545841547868777,1909.0952013892386,271.90174030133096,LOW
16.703029537260843,84.65372744921811,24.88005441626548,20.838721243494923,22.33830182176208,0.051567349980437306,1740.01110918136,119.35488013159795,LOW
14.935441358485253,77.80174686725947,26.837612338761446,7.3431952960933415,29.14148385307406,0.44978427242386926,2489.7459097703445,273.0514522004245,MEDIUM
15.937448881606505,85.74658518610087,41.546427853423666,10.705160767962386,9.190541800387585,0.3709094788589911,331.2347886382297,336.32765500189,HIGH
17.63041620332318,79.03740581359662,24.19907578968025,20.715350118077094,14.16950461254101,0.3646892058934163,758.8830420794064,42.82746663435128,LOW
20.95312551034119,77.41223811473134,21.953263807617702,5.112552292406008,19.160872021301838,0.2538904301152719,829.5203883156894,283.14441294998164,LOW
21.316209957678918,83.79183432499603,46.59578462825718,5.662489506004813,13.447484947316504,0.17002683316217598,2609.7125664617447,475.3730444852642,HIGH
14.059093109515121,82.41643164275919,15.292488408744473,6.930237805712128,25.853724495251647,0.11050571378507038,743.0715675109162,417.6262521333338,LOW
18.34135207190931,80.73105502275796,47.92808823750528,14.713831014283745,30.060992745289404,0.16386989553858547,2049.8719972293206,392.039483652443,HIGH
17.54799352676462,81.33131728484513,37.33510286229405,6.708500878107954,18.170482878342163,0.20038848877165566,831.8289897032425,548.4465942092054,HIGH
15.887916389001207,83.05161867185878,42.33948688182086,21.425374866113202,16.21118240268548,0.35252403879211763,3029.5248302855266,40.278245600381105,HIGH
15.018855622336304,77.89877478397864,24.722440079424373,12.040861490653366,31.07721757130159,0.26586471556126096,3303.430545264771,347.51712412957346,MEDIUM
16.86972895693084,85.96150611859579,15.47240416301298,13.027323286302995,18.67645838786098,0.08099345062219308,1862.8761148036176,478.78884359353304,LOW
22.014732483256413,85.73532820254123,39.34969411253049,8.439855084497317,19.7371616107828,0.0572116035835649,1297.8502063112062,338.5611681397223,HIGH
16.747224922176418,82.32841970664283,42.5267717010223,12.477284543825203,16.439596936205728,0.09093287181362526,895.7964350594971,214.62046497081613,HIGH
18.40972028481861,77.59519573475602,39.43571235446613,15.914445387466207,29.82916335229132,0.21419948547895173,269.25540517834884,107.66282210242738,MEDIUM
19.975661150609014,82.64239654552856,19.714059480927673,17.52118846517277,21.654931598764417,0.4232771668196073,1012.9002590714844,535.910950935229,LOW
17.090851620224,76.25808329428135,39.86312143447998,17.569625488778435,26.292190092359473,0.30496099248368863,2324.4016518140807,298.3345636609337,HIGH
22.260147703128165,75.82185127316096,40.374451809552156,14.40204002849359,27.483361240421274,0.37073035995020603,1914.297566451317,530.5256622818498,MEDIUM
22.180802007007948,78.20567032936775,36.731837017111815,20.27847594988943,16.204377006014198,0.23654983780181943,3309.7403461551535,363.93570978690593,HIGH
16.140149514515596,80.35754104576282,40.281825782254344,18.713341251509966,18.40866395168912,0.19466643327801714,1447.342692471782,414.28950647055046,HIGH
18.226612300085275,84.616861306788,42.91540750936516,17.626866064575257,28.363322585750353,0.0933601490866491,2459.1353639165413,488.4288579957165,HIGH
16.557465633442543,83.13527523254623,35.24893576983612,5.000899390248291,16.718128440219445,0.40037320887448197,1763.6973414154127,405.7186604220766,HIGH
16.421144202208474,83.2984184725998,17.92395556099941,4.123803319953687,27.054443202844432,0.3632640116111611,1842.7591341423197,256.8912591869945,LOW
14.313539052513528,79.96768001170479,31.091717719017957,7.824050989518513,30.58381574178649,0.11724723903909005,1010.4326696539995,322.77102883933105,LOW
19.181296838829123,79.13231742174311,17.562428044162967,15.943424690442141,22.957048953632167,0.25490422555050424,1646.832641262799,487.73594906525153,LOW
18.27277169744532,79.39590701133832,28.44892002407022,11.401554799885824,25.799054898845334,0.24494992316849795,1700.6689898432046,242.980668932601,LOW
14.43756938562491,85.8703204192286,28.434514141145712,11.243312667387611,27.322335488987235,0.30003662107461143,2502.5845739463753,251.22923035804334,MEDIUM
16.368494946011197,75.92114650983106,17.178324856627974,19.92256398813305,28.28095157351942,0.4284747575965045,3298.1759972327873,84.54336615306065,LOW
21.720260030716556,84.60383070928572,26.51107762099282,20.120131266373097,17.481280108563105,0.28190857670499186,1219.6923434405146,551.3131280763962,MEDIUM
16.036276070669267,81.57609179001012,18.662937260113388,20.365154752964543,9.230323020223956,0.26608690671144747,243.48159317641472,81.89069951890178,LOW
15.231606412775395,80.1054619014907,41.67176193030433,9.649805377270491,17.64503050968175,0.07012917317386558,1787.403426702175,399.47923114567686,HIGH
18.160348462359288,83.11520543435893,46.273704856827536,16.439004629306712,24.170149514818156,0.07516299040720958,1951.1685293071732,265.52085291759465,HIGH
22.378028859940105,80.61002388495938,17.386443683511974,8.889397262938655,18.808409258739026,0.12493871653071556,672.6978738485119,261.2030524456021,LOW
16.057469807847752,84.67094399985743,46.518801840626146,7.430976995340096,25.975115620649564,0.06298830867669931,2685.579661338627,417.3445468464298,HIGH
19.713152152949966,84.95736957211821,32.245027778112586,7.323384232252646,16.567578307247935,0.34734115822800493,3448.7589687010714,68.24342759903087,HIGH
20.4737667302941,79.92806973217128,24.88566737247784,10.157937175544692,23.23385938649671,0.33933212159758525,3315.6340378287673,368.41229628231775,MEDIUM
16.0199191239354,78.40669187096805,17.536448484113397,11.73923715603679,12.47407531649539,0.10442249377265718,770.1605320004174,470.0581180042422,LOW
20.189838963200806,81.7196784502303,31.520600846323788,18.95708507899123,25.984866479478967,0.3844315603181124,3076.235015662586,502.0812719953587,MEDIUM
17.12615662811365,85.07981512897526,41.219012968194704,6.158039682508818,21.096703251512622,0.1119144139384448,2495.278363799728,127.20232195445192,HIGH
19.374599560045425,77.7119529845595,38.33385374980104,17.228665253108097,12.897545325118415,0.17047023479894352,1643.0783169434994,541.528858544559,HIGH
19.385002541467607,82.04114912741657,16.657458378311134,13.566188455407497,15.005868163947374,0.149590759664546,1938.0773807040787,404.00327235304206,LOW
18.554084814635445,82.13138231097146,17.405760567140817,9.183016168167864,25.966609005963978,0.19892283942921912,2988.6405949403575,532.6572364677892,LOW
14.76746304546247,83.19768673536045,28.294818326877024,12.870752521590843,19.582429655876496,0.15186550635598475,1732.4587947704688,306.61000875281303,MEDIUM
21.100071212508524,76.88146069383623,24.74458630358213,9.398957255986407,13.184754569433732,0.24558037057538085,1368.9050549574313,338.95900670540516,LOW
16.726630552259756,83.01616212916193,22.668682660849576,14.729475194289508,31.214508568887144,0.2129631525418742,1777.0414762883518,553.8518179063426,LOW
15.585407338398761,85.04484146698923,24.273148463987546,11.809190611394396,25.16300047560531,0.4446277963117306,2069.0413337191667,542.9484397121629,LOW
14.346588703215494,77.38667264313754,41.514930528797194,6.959299523419817,30.971235980955107,0.07237054005129027,742.8640228463861,285.4516978203311,HIGH
19.022590017100057,77.99420491170072,45.66452576985118,6.098495342002541,18.250521088648238,0.10687255055494066,3163.0862829077682,186.4152000323386,HIGH
19.7592970756594,85.69964848743722,28.368388919409693,13.840522277298343,19.40240817660129,0.071130357563441,2392.235626020687,254.10714770163057,MEDIUM
14.140996545886777,77.40025800344964,44.90166307037241,20.24343459914986,29.55092518844046,0.3003364779929503,2253.1143189474624,251.02566726195735,HIGH
18.352790995543888,84.47104348038059,25.609358141180103,10.19123835803834,20.60118416588923,0.07180371096548784,438.28716901416965,193.51411874019254,LOW
15.925214089182472,80.66891749270437,30.722420549345124,17.194001930007218,24.974693885736013,0.38457589495044936,2154.191389786812,183.09037446979096,LOW
19.483968718480323,78.09592628123336,22.458956927927993,15.855904388915805,14.05214905989272,0.25477545227277115,511.26625161087395,520.80587379344,LOW
15.482114646542428,84.64287396336137,36.13570939180285,20.76798845757066,18.721435248863372,0.2608030498326135,367.57209566435677,69.82129479025716,MEDIUM
19.87297077387096,80.17570517752799,47.306376800768696,18.777658311384535,10.962796779448523,0.2746378030848777,1892.8570451841372,416.23837379676866,HIGH
17.28725044355457,80.90558221626175,34.915272169431496,14.198894660298334,12.94352086104708,0.1183254825224843,1469.4708157580828,128.5074293301778,HIGH
21.962204904262244,79.27195037869754,26.807864775747113,15.826548968213931,8.022641966423146,0.12907612124579504,2101.954918531159,226.36835923461604,MEDIUM
15.168928025240943,81.72598394006674,36.377975717687434,20.17095639851263,8.942361239567845,0.17752692914920187,403.3553713946112,65.07952945685702,MEDIUM
16.8990639839272,77.21700066214274,19.05638238935779,11.191338122564826,31.454811756246304,0.28739856632874056,1565.3424136806786,183.88497300761338,LOW
14.964524930545007,79.60635613484348,44.325749648758155,9.882304705439992,13.816488683282294,0.1340471103760858,694.2748311535371,468.00001053682803,HIGH
21.859895755367784,85.67882938452053,31.6017703757346,4.194599505433534,23.919457028096048,0.0965326908533045,3456.1402921419963,534.4587349919375,HIGH
21.45738450373834,78.21040104336184,29.828541487308186,18.877919335446357,28.138392771190677,0.4380467545673729,2007.9107222795928,156.2704765843492,LOW
16.192503835578822,82.39573497768357,34.33353801896614,18.417652607260568,21.215851021677544,0.05879272592384917,2437.285327198949,294.22226837758546,HIGH
19.60986439129052,78.9144956743593,35.61786747205028,5.880181325802725,11.675468002014949,0.37107896213440866,1206.4221543208666,298.08470732420767,HIGH
20.946388701710333,83.62146781970931,17.36860160547493,14.383432860388604,25.474794496067993,0.3652140598300088,422.11231024977013,527.9379242830485,LOW
18.71920689859543,76.87417343754268,37.52636830037228,12.351670567003973,22.406033842389995,0.16888564553803842,3417.9609334640245,464.79546013920907,HIGH
18.502029916026054,85.68312097332472,22.983745450412478,6.136763719164007,25.550014144337002,0.10425064640292536,1073.2807203028228,322.45401446978843,LOW
16.05574447265384,80.26479018452821,38.56043687271746,21.650228087093023,26.47391894857009,0.10825145868216937,1540.9478295901524,412.32590426891085,HIGH
14.791373526350144,77.97852986513787,42.14364821467849,7.864525974340398,31.409848824433883,0.328972646894877,2309.537333788755,512.9923807283391,HIGH
21.626333942603278,76.27171584696514,41.53063074923317,5.210215241630101,21.76551872064104,0.30712263643446946,183.97081213277838,35.43720379456062,MEDIUM
21.65355348588831,77.28245800341918,33.23253192446034,14.707252831034372,16.199386704574444,0.3630982697005547,2854.8810437587754,259.6473176985277,MEDIUM
19.38136238682278,80.95762645983818,32.165606446254785,17.29960018839459,23.56314936560569,0.4249924689596419,1924.365846097309,547.1286053479348,MEDIUM
16.881753223913954,79.0385333525285,19.71490672420059,4.583982028849365,9.642577021823026,0.3267709453066368,1045.9384360339955,451.9784275810523,LOW
16.968281384207618,84.2032753417674,40.58642296330348,15.8569174970864,29.537535639718072,0.11234061462057739,309.4671499943954,339.4195833704226,MEDIUM
20.170623270397034,80.02431899844896,23.956509554741572,13.58125376712618,10.865144272116723,0.14737704670616428,652.4946126131009,331.8973804100261,LOW
21.625437209596903,78.11149986217012,31.390948952992236,5.858770159750872,15.868228109259638,0.38687749234924584,3143.1151201016855,228.22895563452954,MEDIUM
21.5402346062535,81.98002235934231,24.381045066608053,7.105429785034517,27.5778891350269,0.13372243033368342,2432.4823613820295,326.6967041756633,MEDIUM
20.628942139789803,82.92116077729717,19.416335978989874,14.22353735168945,22.335497079937085,0.07900892678179257,949.6658535654254,403.56842369416836,LOW
19.457268992311448,77.25394003295997,35.775403997427304,9.334437043239191,17.44725248665861,0.3313120216169002,323.0426008131004,268.46693190441204,MEDIUM
14.715189702457915,77.26000177102733,16.792957149155825,20.889683115723688,19.362455825000513,0.2110105421960568,2448.0920621145633,437.06729344353914,LOW
15.373844069804218,75.8850499828022,39.7052927261646,18.737324130712913,28.509137436852328,0.41801602101836144,2046.1862682904014,520.9023695384199,HIGH
21.637710602480173,83.23222115818922,25.480364243616847,21.704209717245934,16.160105265437412,0.3101020284374646,1475.366383157999,118.17036346537087,LOW
19.154647007106515,82.46994754002895,15.004444869148015,8.674075101107452,28.87159243549211,0.0861675911166643,1336.278927246217,287.38180300593194,LOW
14.078174938741352,80.48362419537304,31.867261594828584,21.455025390363588,10.115226343440597,0.4291426269014643,837.1685381589682,262.57145203249627,LOW
14.862508114361273,84.36378971417656,16.546112981410904,11.762209656248041,26.64316249300714,0.15342290545609838,2376.67827222756,421.854938308345,LOW
19.639765037418474,83.95953660597556,24.113595408089683,10.255338315647583,28.341143193313673,0.1848849961625143,3400.27129449916,172.42445519701974,LOW
14.043023462692858,81.6462208261659,38.33022408603863,4.906291485448358,12.36362366809613,0.21090416547341684,697.4318358452078,394.9430215227975,HIGH
15.366868437048739,84.61684844538922,17.068757513521575,4.949774641472847,18.32831677693281,0.07048971856172531,2130.1965080527116,530.1688677869481,MEDIUM
18.664237209615983,77.66133270538607,42.69817024774808,16.456202607039785,11.971994591927736,0.24860616889224196,1542.2291895363192,268.33501188236494,HIGH
19.88110918038789,76.67515600367614,15.126057447733242,12.242721899812501,24.958499095861228,0.0993273964301169,1618.7416539318606,549.2789489881554,LOW
19.541670705772106,78.3323709209284,23.145187683662776,8.077389268649902,20.84834643347976,0.21038813067534073,964.100752434569,596.1033311920827,LOW
15.90628913041476,76.0994119889378,39.44983385301836,15.051465513854188,23.247760320999703,0.19028391519683374,2905.458577248825,90.47246847033267,HIGH
20.053523381454056,81.07728004401083,25.436914941067123,8.551446128502,12.715687206949067,0.35913603337060135,1749.86905410062,162.84031715136942,LOW
16.016617243722802,85.33435976909709,18.362448806178445,14.397371578199607,13.081900689258068,0.37126820465309246,1947.5798974740978,571.7164583447931,LOW
16.765897434353775,75.91310717701936,26.88771932041412,10.465757445688427,8.995935812237754,0.1113651529556352,1136.1871035109075,576.2467812943904,MEDIUM
20.345176943503205,76.78215409710528,23.922978450689342,18.823940079012743,15.729620844697514,0.1966204749516905,718.1487832676291,85.69314697045235,LOW
19.521879641901325,80.24808979697607,42.80949277129831,18.772530893802028,21.433871872008197,0.1993412644127327,392.09531988958963,38.54914521496791,MEDIUM
21.218398989200512,85.305687684043,25.340481280309724,12.592307166203224,28.590437935935892,0.11056417757443403,2528.0050791447143,121.82701325616068,LOW
19.58970958455292,78.81963910225588,41.034771568608235,10.314743968030282,24.006258739008338,0.3693814020204762,767.1965577387091,597.7272865278816,HIGH
18.830623128351508,80.82596549122812,44.431780778754245,10.526076338063701,18.449511761594035,0.3328913313341693,2446.256204241912,132.59978146809152,HIGH
14.796235526538785,75.93651502002912,29.315974846025476,18.502861462027923,30.874882745459306,0.12615271451881388,1427.2799165596432,316.45213583155316,LOW
17.125584326005185,77.05760361010194,45.02812374719494,9.907230690357016,25.261884813819965,0.19668876343751962,1513.634323364815,513.5981040653912,HIGH
16.254220125294665,85.8596162910679,27.451495780785365,7.763068726723228,30.3239648687012,0.0923220099426057,1695.2034867154239,41.628918092277615,LOW
16.07391196872221,85.63374631257848,46.814587744173565,5.5243901537555224,20.662111358531977,0.30128263883721756,1350.208927633647,374.5587198873219,HIGH
22.270589715395786,75.5518697998113,17.946554309343906,12.400476175919351,14.21370259503535,0.09854876981944788,442.1079225568063,187.90450585568587,LOW
17.341330659667463,85.49402374694401,37.67163579460701,12.678377780557154,9.267840472753328,0.44437366744996715,1152.7481540096758,521.530902370647,HIGH
21.58239571900546,82.21075934706275,31.295863335078646,19.13635678725233,25.42603643561241,0.3622728298751449,2356.696826359391,191.57285508052513,MEDIUM
19.364678320976736,84.61314209246024,27.792410580036353,7.982296536029152,10.911271952132818,0.20609541983359803,2363.6669649941614,421.4507605606881,MEDIUM
20.755896080104012,80.27476848415552,35.87949199870383,10.857842926031198,15.266603078527211,0.2814255729117418,1073.1626446159808,414.30519049501623,HIGH
18.272415291394132,80.91375830008212,38.227284023932924,18.55130330008644,20.779301789213537,0.41453672648656353,1664.348930296139,156.2513228499948,MEDIUM
18.903683019324053,80.63288909269767,15.1439878984602,18.825224993481523,21.545998106713945,0.27163971215833044,757.7205752405874,49.835543924959566,LOW
18.186400397460343,82.50207470423409,20.50945192865756,10.922999367617827,22.413996727691263,0.11979939455918208,815.2650772014416,263.2722570576765,LOW
15.659565396283378,76.96633817494128,38.53051967093252,12.264232419160257,11.990127928392816,0.20148134223246372,178.36010058246518,194.84009662054572,MEDIUM
20.140842979722795,75.81472269366311,36.990718648080815,9.459146035287093,17.11369771571957,0.38725794601189817,3148.9382696863318,491.1173172798139,HIGH
16.386565080747275,78.7332643867075,46.87956766924635,20.785987811547617,22.8126614508072,0.3076852063958472,816.4026612546811,486.2075874195468,HIGH
14.206685714667358,82.89914800873478,40.11424707827584,6.135587783348446,31.275652751210835,0.31028975373352014,873.6151815839753,290.5036527497965,MEDIUM
19.486514515210928,77.61946124729096,46.37549935513415,20.80748961402646,25.46314730479253,0.3967285942753957,1050.6448709934482,375.7119684342348,HIGH
15.505440774959915,82.57104054991163,38.18383655064863,16.30959613303618,30.142490170254987,0.4075892229850019,533.1874437644586,374.4279241125474,MEDIUM
21.99389796699977,85.68407648412634,24.835722885101625,13.568298748361162,26.29308939954025,0.41791702871177455,2273.4938028166334,501.4801446037453,LOW
22.108392904521992,76.4859575157889,18.477042434278264,4.587863094120926,22.20120725341761,0.08793967730126245,355.48604080379437,272.2513760502226,LOW
21.77634731687381,82.56232224136383,40.800187490382875,12.56073145279615,12.60856085927227,0.2676504007852404,556.288249509591,187.00460748059018,MEDIUM
17.146348952171277,80.159377302698,36.25692430870522,11.339465890049182,24.000455645420313,0.34620380848732746,2292.1728704063157,181.06990334011206,MEDIUM
14.131381240495372,84.6154936709638,16.590138408978774,6.901938615552206,22.961109583037768,0.35277073805080555,1254.8461096369053,335.62959919085637,LOW
21.890707781995665,77.36007278919755,26.881665374732286,15.815372863011824,22.459260090974396,0.2926864807880016,2507.0226107840426,286.01447555736115,MEDIUM
17.63956526069717,82.77257249837473,46.57439391098144,21.480716332629143,19.754860831717778,0.11671493407346967,1995.244131878483,280.8688394614136,HIGH
22.21656596187119,84.30021054130516,31.51323780843664,14.119398599161451,20.687758495742614,0.36896822157666576,970.4719884091444,81.94828328113311,LOW
22.190769805258647,85.41844930447725,29.280061488650254,16.865558975991025,16.0266206508345,0.3380445334059783,2312.815031663715,439.6041321934115,MEDIUM
21.25058037147256,82.67410429704128,30.104086970256702,5.2321081461883026,20.463504623415275,0.08445430861961452,495.3305129957942,151.8299121496891,MEDIUM
16.502815582591477,80.72033502208849,21.893129892170403,11.518005924705905,12.741341736283477,0.23552392986975051,1923.7953024721035,142.26356921897118,LOW
17.273330693116364,81.98739602211275,27.16733663853824,6.094452732960926,27.324185536649043,0.11959095980872143,1586.3035571531177,265.27224255811427,MEDIUM
21.234661707893284,84.62350233702654,27.20383744757683,15.030325039657187,12.458646912768987,0.18499081828518876,1010.7701815792987,159.8336547221468,MEDIUM
16.69383704382836,81.49140233970772,16.72771566618659,20.892678847854782,10.039190957347195,0.057232436882274175,2153.6169923143,362.7992123655688,LOW
15.440688346831786,75.81906412681678,40.3297317410913,15.911999184489494,18.469904632571776,0.2101319473643033,3062.5342139569607,241.73410342064875,HIGH
18.732810730895977,85.27496130282327,28.744646252828005,5.382454869659588,23.799378548145484,0.26995076846248417,3496.275979194461,285.87968187789033,MEDIUM
21.95731558036664,82.74003088583139,42.13193626494197,10.383991689731491,18.50520379840499,0.29783303713083475,2166.3934137276433,336.18651331429646,HIGH
19.91625327173727,82.60339055066109,43.06148403695654,13.911940829935327,14.642099166831407,0.31539613805148403,1475.9999727191785,146.01524781462876,HIGH
18.8455199457596,77.76458910017602,21.995803805055715,11.25773961039854,21.396108413370577,0.384516525240984,865.7041407350855,118.77842503335198,LOW
14.826000197051533,82.4182974374429,36.692664911614244,19.005592188553102,16.328056049892798,0.13618516291029203,974.12670394338,531.8404846379547,MEDIUM
19.22756142694294,79.63557625936866,30.585299537378397,18.664078084779806,30.388824563039194,0.09819272897538718,1730.1469257092033,277.22251061391,MEDIUM
22.415457725886238,82.33794625893567,44.04517235140901,15.012958361857986,30.14348335048573,0.3906148687591703,1348.7441843544113,264.8933574905473,HIGH
15.190714129510454,76.6192268182339,22.119442412822984,10.722243012388695,20.05692367933029,0.11264512595705996,3206.96937692481,50.29892565551964,MEDIUM
18.40580204509176,82.40737569833188,37.36783561023146,8.596054727738395,15.869215856438204,0.43990403253447813,1352.2045900294124,313.8464924748141,MEDIUM
21.457671111387622,85.993844120592,35.055820034339845,5.9057377278363274,25.691177934959338,0.3870152917594548,1369.7116098944807,345.87674131827004,HIGH
20.296533250910738,76.00622640803584,24.744948759870482,10.388158302757972,8.8811106435936,0.25035064235583965,1404.0173422755217,348.5392964441599,MEDIUM
19.924633798459777,85.76032893432384,19.507829820488695,11.437105309738952,19.39445614504763,0.4425685699688101,2944.5087152500378,433.0077665140441,LOW
19.97111471389043,79.77253358759015,36.50411209575013,16.164812651873326,16.071761462488006,0.08895069164320168,2312.680290879466,131.16464594487672,HIGH
17.05567478536792,84.64291122854122,39.373716118366914,15.846876837356323,30.09286124246131,0.17122630447004067,2188.174091084235,173.76718651145273,MEDIUM
16.495530676248194,83.71504758261187,25.41570234419055,5.261946513542625,8.288072654544381,0.3052897660162446,1236.0862761051314,492.11636518133525,MEDIUM
20.879569821567365,81.45367074036001,36.279475932736354,11.11466767776084,21.267557017240378,0.19000274738927153,2880.874201230294,569.8872516007345,HIGH
20.88596385477304,83.25371669713893,28.039319951179607,7.2720196099125145,25.775925945599024,0.42134902079231673,230.43712860938385,107.48166599937277,LOW
21.37011470793088,84.72441339366415,38.53582714832638,6.822628695702503,19.64043170057699,0.07625043527112703,3060.7103859495846,313.66024606797436,HIGH
21.762544696730007,79.74347337733585,21.574104071503754,18.891438695270427,10.04967272390532,0.26976473282438584,1843.3496592993606,152.0804640615645,LOW
18.34641039031797,78.933848196414,44.377095086993755,4.754473900892636,31.33907336066965,0.2863465069580458,1454.0507985356037,64.24170596233999,HIGH
18.262888504841197,82.50973054841764,24.48451668336413,11.545291766238183,20.43225035302635,0.3110912495108896,1790.3687544401314,215.5369027318972,LOW
20.78550902121759,83.98238239038321,27.136937595953047,7.027665803797327,22.740469863656273,0.1522664893327258,2369.212803815026,111.90194635500126,MEDIUM
19.524693411611004,83.50399391515447,16.917034418651543,19.82794388221253,13.678634784980176,0.19582657100794582,143.40245016085103,434.6618518575204,LOW
19.96671845669048,83.87704331301566,18.67990300660212,14.026729238950633,19.60395404256329,0.38747221186599107,3063.2763119580422,334.22348579272335,LOW
20.76423769020686,80.0736248055358,32.02344278950683,8.164851454783264,18.299587806999725,0.12797710758806394,1618.9143860587355,111.98564846447721,MEDIUM
21.565045405449315,84.08725926983773,23.83055833202306,13.043691168994776,9.797500208047609,0.3807471388693448,1266.086166980266,35.26770539114319,LOW
16.872958833238055,76.76219508139138,42.57084744949242,17.166754474656084,10.547848485139212,0.275062169161097,570.0349231557941,490.64951794380124,HIGH
17.192455097439524,81.21713552858893,15.484881825613478,21.246124160549808,28.09934047085059,0.35487500447763287,1594.1822728187033,130.4308115136211,LOW
14.798846488647387,75.56046593523028,27.510103606173892,7.968028076417541,13.755678852958166,0.33544294650538864,1787.497422366888,375.5434860658366,MEDIUM
18.91538119846748,78.90815121395283,26.13240304338006,19.951271898328212,12.678998515967134,0.1330045981539516,1472.3987612778244,222.04549045374497,LOW
14.305509327272308,79.34784611614968,15.637811820280834,20.817474055014824,20.11787483000334,0.2775250945735492,2407.4443190114503,363.72698483957026,LOW
17.95758315412591,79.65981326189718,19.104157167016837,20.495569801577194,26.44993115270031,0.39708926112203696,1531.0481977813683,209.9225673799247,LOW
18.6124793950144,82.80240567024356,28.650208272314963,15.437458423514377,9.48671644589571,0.22284649472077173,3368.819764678349,79.55554959458487,MEDIUM
16.435600643090417,79.57986006333863,31.264531286765738,15.336771779824739,21.84339007131814,0.4366363080893267,2137.543560600212,157.08150487791954,LOW
19.022082714836593,80.21128303753657,28.34156165941068,11.25779139730881,10.86105062817376,0.23088604004068725,2845.4249812164903,137.19338289307308,MEDIUM
14.25925212448192,77.99421337418043,32.5209433875991,17.54316188146818,8.875065219814843,0.10711425466715388,471.8100705722281,273.971030890597,MEDIUM
14.317459604368322,79.41914381210808,34.63934527188749,13.563292330316775,9.265854851893216,0.20577387203106928,1450.7903960160793,405.2217565529097,HIGH
20.992104765607095,77.88633108626308,15.327486097218575,16.1938852821093,28.019938597002593,0.43068096255621485,1245.2821849203192,180.3694627194238,LOW
17.061620451995736,76.26855719956866,30.315140261965627,11.712242269278319,10.831339607073478,0.1778883397359417,2036.240119664412,36.87986312135223,MEDIUM
15.080014357541021,81.83621023050446,46.795474949290416,17.166936352776503,9.083632745895006,0.3972392639468251,3027.785968208847,325.79429763091144,HIGH
18.439067710465835,82.51623438482767,32.128065244275106,18.840487316881884,18.509597291429895,0.40250027267275595,366.34994039082267,375.28290893461406,LOW
20.544945201338194,82.00464863310096,37.35889482614546,6.63585261885069,28.255843326608595,0.19007460973278445,346.75431335201665,578.8361815810315,MEDIUM
15.834478733723166,80.366687459906,25.291507311257146,18.992734880336105,14.297801035743246,0.08330306322025285,2991.080207735836,365.9983577631507,MEDIUM
19.294569044461504,79.48775069188191,40.54171547904116,13.72533757222553,18.121102820621992,0.3398231636635273,823.6902925304153,298.56835884554084,MEDIUM
14.725453452447027,84.56500332050416,40.5064089019118,19.20398636362404,8.95814078153003,0.17460491960559443,2373.7610651293667,356.8389267616912,HIGH
14.439294629933165,80.9503587439303,32.20276957258659,11.763430714138263,18.77788433923702,0.36316944570302895,1945.7856500267376,558.9033590213554,MEDIUM
18.516514368329258,80.53140971511218,47.20845616821405,10.82272873689463,21.862713935291207,0.22706193930417323,2931.8382226165804,502.17554299293835,HIGH
18.595398533685906,75.76924169096758,19.143157087167562,20.471093185310004,21.701769290051473,0.24410669693704862,525.302293443772,214.09787801737056,LOW
19.418154162734755,79.08310219007464,15.559272941356173,8.521046815871223,15.978240612184763,0.36116376269941475,541.2620834568784,165.23498728456823,LOW
20.171776336642623,79.4920539972515,40.41522098798417,19.195821855150577,15.572796335915253,0.20294533242465118,1993.1824249462456,179.70115904866196,HIGH
22.294742675431543,79.68763919941746,41.63613273304112,12.712370305169275,10.55896685447835,0.2272509381291658,3317.687421418461,317.5199926376714,HIGH
18.388552960560162,81.59180987688698,18.966838560979017,13.253717965922675,16.80315969551044,0.20047618750784885,1510.9923784605644,454.10818720028936,LOW
16.74513002000059,81.10282674063222,23.764233487634,9.552429066810713,10.387872052951153,0.196936206110912,1211.6031408659628,316.8349480942884,LOW
20.75908265553398,81.88300347433116,15.579227991098755,14.314759611142282,26.39830267308924,0.26037863076058376,2162.743698872812,68.64394562202418,LOW
16.30207413572763,83.53127424619234,24.679184155758634,9.853801532971804,31.19058314595646,0.3735197778004603,3263.525241853106,442.4409992507891,MEDIUM
17.731257075997906,84.03635025651899,40.51368183931616,4.706849456349742,31.281786960000964,0.19470732476902636,2945.5546316717205,489.4029733424437,HIGH
14.66687924140926,83.0402923003782,32.0926974145151,8.895974896198409,28.761706385009454,0.2597018882150947,3484.6442764929475,195.01378311824018,HIGH
14.215481319031388,85.53299880752681,26.487154574553507,4.114822781318632,22.41901158415086,0.31829093017704035,176.73318288808213,408.55167139150973,LOW
22.18251152476236,75.6914421181018,27.2673967319089,21.61038616702342,24.82077673385312,0.15777577852146202,483.7176920233916,273.1573836010042,LOW
21.105831024353748,77.55566884967723,15.04466964861045,21.383449776755455,14.844939264329938,0.161009121960957,2172.1903954465147,536.7980327646424,LOW
19.915780751796433,75.5794101872705,24.893417409652784,11.11279535450149,23.138490084142894,0.4233652508093819,2889.959893735089,511.7785681516217,MEDIUM
17.476100027521294,82.29848449862334,36.33313847405171,17.110675378113626,18.93558918655706,0.33941382933243547,1069.8307638430063,329.4962390364961,MEDIUM
15.47300172060219,84.92932076397486,47.14841664593978,10.22450977138765,19.56841615464638,0.2808746704893236,913.3176993163438,424.15816111374886,HIGH
15.32971486270423,78.05656411405114,42.95300729046868,16.07967682754757,26.18663744900379,0.3090880217682448,2775.717717896083,533.5093295825993,HIGH
16.127064634399062,85.23386272036122,15.778633833302461,18.497740774827623,14.766040534334039,0.061719777241367346,291.69830310098735,312.55869574461707,LOW
18.668426650002026,76.13280759804039,44.6524999542697,21.041612404460334,15.632950680668477,0.29724118622467877,1355.9010017807893,208.5529220786285,MEDIUM
20.07406534295053,85.3115782814579,40.845547638854654,11.203820965294096,30.19140298708728,0.2538035492896808,1819.7513568139211,459.58969860846133,HIGH
19.611677702100714,79.19203821601616,40.75241207784235,18.099363693208858,9.349383076423333,0.2682998719117743,2005.1854927910997,155.43776522727433,HIGH
16.379438124040515,76.56491869871677,30.11386004711786,8.786712111378138,19.65522316192017,0.19376953073232683,2577.2915330954415,251.46275436344396,MEDIUM
22.11635488563715,80.60165347145642,28.13417466749859,21.82598146828567,29.907219209788682,0.08258955908517676,1306.475459664238,523.4645251508724,MEDIUM
20.272123791914034,78.19615396106533,24.99621905149536,4.463852777758321,22.648712187635766,0.12733569344482087,2183.1267718936647,442.92073395350957,MEDIUM
18.712009446346904,78.4911654706002,17.16793034549407,14.863518517020177,21.11376978109117,0.4302978852850687,2090.2764374892513,260.1722729910746,LOW
19.199626342991994,78.72654463172601,22.53176699529207,15.871107669723887,13.993860301504526,0.21347982490837358,1961.8947422227402,152.40436637276372,LOW
17.566600530636215,83.93177192724296,23.137919954274814,16.38482002733432,16.23861173754676,0.2366732623323457,2277.6431966835216,232.90198277437483,LOW
16.10571341075984,81.16119340509017,30.97454330043665,6.166976418203602,28.44916197931263,0.0710839159413756,982.1271816314594,191.9393650596368,MEDIUM
17.025767768535722,78.76873084113804,39.6656654176909,20.893536102516347,21.421235162442997,0.06502649181759224,387.80576218773854,130.37089412799673,MEDIUM
20.441691938947137,81.90850472476464,30.63572433713224,7.261299022901491,20.353812650162716,0.3368725788187031,505.5236849351277,453.6997607324243,MEDIUM
14.122344653352926,83.01958207934354,16.9088668317563,15.20956125831714,10.389913124960694,0.26523786564844454,863.5801010232636,173.67983550459775,LOW
14.986617444308788,78.3625520077021,46.60706343261073,8.008169424215529,8.384675754922956,0.25348239368650666,1800.6729807774698,288.87545799562537,HIGH
14.3910224571849,79.8422655660162,46.1099025301057,9.529895506382875,31.12844452848918,0.14724981216906746,2957.5053518564687,249.93988469658217,HIGH
14.346194819711247,76.77980398003795,40.911254923897474,13.836253751106238,17.0476680148842,0.34790029265196887,2484.397363100506,589.7841058223096,HIGH
21.271414964093562,77.40206817011415,47.71382075161928,11.509481534162376,22.477113490388103,0.11729463164339676,2782.73805428696,252.9225791644857,HIGH
19.9810918047302,82.65173746663231,32.96791698240868,6.884060817577113,9.91316175649484,0.125973897464408,1293.3171213487108,75.59001519415023,MEDIUM
18.030477547242263,77.40510265080408,46.7713555583558,7.076855243575269,24.394742857353116,0.2342848685393102,1475.8227216050707,81.20067896608789,HIGH
14.831590365533513,81.01421552850414,17.494966340352775,11.526606186930394,30.38160100894306,0.16451194484477638,1438.5184123680835,366.72962117124695,LOW
18.178734938493076,82.94498574808554,27.067464692625254,17.631093608959013,21.81596607193807,0.14898519249325853,752.3688269753052,371.6372244908114,LOW
18.02451005163481,76.62220769249481,22.437581844223274,20.163363643260194,11.026767737009854,0.3080950578213327,308.1366376881449,268.6926245751133,LOW
15.472215894235129,81.45677830610349,21.46249177643091,5.514297920668891,21.96131665936344,0.3103886980874178,2109.1147156125708,276.1509046178569,LOW
17.68773901852277,78.19390922886431,19.646497313458312,11.075870336069219,26.392333114511658,0.3798068279199717,3463.336723629993,60.74157221929659,LOW
17.387290242377674,85.6107321899946,35.53965017167789,5.804420147011779,17.753996877776448,0.21708342678919035,667.2209968308937,324.43151092187946,MEDIUM
19.23472583344384,80.57722929055922,40.783621239661066,4.298664651386762,29.116105950595227,0.0792340364104601,258.7283876575308,317.70150096680044,HIGH
19.398296032374972,83.96292177263916,34.0838471808719,15.91093628759122,23.568390880576747,0.15946655396858306,2750.407718201372,115.24311157745838,MEDIUM
14.38508408306238,81.27737869264075,19.84976941641092,14.84408995539858,29.58197403894086,0.44200218527872676,958.7924227280623,89.18845008322873,LOW
17.184207224325007,75.9558315949756,41.76708440780454,6.934344048667952,22.964127469936095,0.2885034300930808,2920.7889381999566,100.43631964170957,HIGH
19.31980928357101,82.14808944373723,35.98650533640304,8.208630995675154,11.150911328115782,0.3338948339204081,2493.3846679173525,87.58610050001735,MEDIUM
18.276658197930747,85.4897350931699,27.80946830219085,4.426739565601331,15.432601066524539,0.05294313185016582,3315.2900259727357,377.5336714559531,HIGH
21.28016365010074,81.81692411153648,37.24629975269008,19.029049702499265,12.843078758058965,0.25728229287300836,1490.3526015726848,141.99511186966362,HIGH
19.598895868761034,84.1014830239813,23.576864315013484,21.544430728873927,29.811835945204695,0.06501146301272126,2350.697454132156,173.31518674685418,LOW
15.384942630192153,84.78416786515828,26.391342880308947,6.438271662304435,26.249601614899582,0.2776920848365792,1680.5062547651203,128.93612216632064,MEDIUM
14.599834352903654,77.89483760546379,45.27703282335568,8.166553847775365,24.233560853840146,0.41830833985443017,2244.0015708490478,575.9661235356467,HIGH
19.46056386475368,77.72647081903638,24.586648687156874,19.631371431044812,15.22319167115892,0.43736765220016316,1628.636280426307,517.1319539965461,LOW
14.225346139603785,81.91530038293541,30.50961284921191,20.67634836321133,12.417074529205124,0.2662210701555697,741.3496378418545,161.3820572903669,LOW
18.979092440824438,79.8157989329704,44.37465753406848,11.553292890522586,26.154826111733882,0.23328192210088639,1826.851214411495,216.71278753561182,HIGH
21.99195705211214,84.31854368010056,38.354804558828405,4.9112045008433345,19.37979070109791,0.4280068376993976,1897.186284887304,149.63892011384837,HIGH
18.89153051194497,84.95024279567912,17.05270646343519,4.709053006470749,13.4189492516151,0.31944393279867805,2856.0530840845477,310.3692968926695,LOW
17.299444372755435,79.21092448267854,19.86100046120602,14.331097589242187,22.7989274759666,0.07595971181536379,2600.770399698176,41.17800351032455,LOW
19.46794985676,77.98714086923206,15.258772495473256,11.072111960077223,8.968012451322847,0.23629023106699903,2356.89152140091,412.67976507117356,LOW
17.895149569177892,83.69551791006054,35.82041907756239,4.515743696397781,15.828086099078085,0.14609800738572157,485.5161248787466,328.20014539605575,MEDIUM
18.637742709185446,78.38546337325543,29.773223038543804,14.498543061626021,19.24536787018723,0.23792172857947264,2550.095388256631,542.2241891316288,MEDIUM
22.002450874600463,84.13745034439363,19.431070079775093,4.203445658602405,11.55100001862574,0.2321862288025447,1801.0375316053503,123.70383006719607,LOW
17.28187242130658,79.94925166331201,46.61182599487343,18.172695246686914,31.63170746218015,0.2828579211258968,3139.938422760941,488.34227025484506,HIGH
22.17011979250327,82.50927394256044,32.47877089020545,9.51579080866069,13.018336750150741,0.19270819613970053,3227.5611760438455,481.417778246028,HIGH
21.69548045662654,76.50312079526401,22.98247870572534,4.724644054166178,11.128475121038374,0.11570817978237123,287.5324080460706,102.49327785362554,LOW
15.66422464570902,82.05052290910402,31.51991784810535,14.59033997769676,12.884836973285513,0.25148777383598253,2890.181305205228,257.1787577621527,HIGH
14.589571057438906,80.2435606267409,37.42747098025856,11.158319459794985,26.45746719583338,0.3820811537383048,228.1711274370801,126.98700545237463,MEDIUM
14.856613011708127,81.65938886334249,17.51589419312763,21.52840744042869,18.21213582252423,0.31560489122704094,1348.376727363077,175.19068526080287,LOW
14.154885518038173,77.26414918132106,24.065225896580436,13.79557592506664,21.569982554060914,0.18534714637008637,1943.819917111669,180.05031965341027,LOW
14.802765166425392,83.23717432191391,41.629861199171785,8.95430525866615,8.504219767672659,0.42420920910354293,603.5427153322332,347.0547445946905,HIGH
19.805557574039035,84.5593693142039,30.16894072328782,16.769899563411546,8.82635140575955,0.4148830284996729,2637.466962734861,264.5042311034654,MEDIUM
14.605103511911945,77.77576790095314,33.03704568706573,8.886856045768804,18.69981319584839,0.13373935975363951,128.40599418527114,570.207698283594,MEDIUM
16.71129285749697,76.5050028329617,29.282928072912483,20.276379245336173,27.599725836838964,0.0657670340481452,673.2367646757252,102.03098090979293,LOW
21.181440143240366,75.74820515348654,16.44869810721917,10.744995469132775,29.245733088981567,0.3465234833403049,2074.7092215018174,585.0045168646133,LOW
14.19781145375452,82.2407007546543,20.469742734065147,13.897634129971694,10.080957622295365,0.3810441045396613,2528.917710926794,161.46402492213045,MEDIUM
20.922982102005953,81.8744873789322,29.7028740784824,4.910315868836119,20.920714450424548,0.4371458263805421,3216.586549159315,470.53814373765624,MEDIUM
16.395765585573898,81.24032283349774,21.903120358461617,11.670182283140154,29.91751247070249,0.4059345576353243,2498.688616577721,223.2128579185082,LOW
15.004401034784077,77.93544450921775,16.649307945769397,18.98254371389791,17.311346105549273,0.29021390728256596,2384.049518866544,111.55639538786893,LOW
19.92226590559528,79.6045129570079,42.84043891371019,18.501678496540155,27.909579954280847,0.2620209356849523,1440.7598975922585,518.9968355903568,HIGH
19.346014197629014,81.74200151945482,47.37935346241582,8.037734059363473,11.208695705586468,0.06113642050503452,104.3670467911248,206.05071256478402,HIGH
21.45851211497995,80.71605201802127,41.173714841892405,8.06942327819013,30.449467752027168,0.14866257873791114,508.5414797011146,405.54758040930005,HIGH
20.24810387233303,85.87174796225632,43.174902416254014,18.71149561983826,26.034159620751264,0.23384590069317057,1917.485452170533,352.8729004993771,HIGH
20.829587908271215,76.9326174018457,22.9852453004625,20.74717156304786,30.59202542688564,0.3014015600334271,2395.441611871027,298.90109635279833,LOW
16.397293866856106,82.79901781749973,46.70069019193559,5.716496582914064,24.238813605260155,0.27290073332736425,1519.3241652479724,312.6170994096673,HIGH
15.508236122127643,79.74534706509507,21.498548246963136,12.101055509672054,16.72169436798625,0.3470543958726762,2584.3086391965267,447.3756110326039,LOW
20.380225388947295,79.99609595671896,46.39718374194047,10.074177021356121,30.516348140593337,0.16190677235481635,1874.3318041294078,80.03056105036111,HIGH
20.858095283771746,83.03477653941086,47.82903670087639,19.672392198233908,14.613602631420283,0.2759810430609893,352.1990650206615,410.8629773160059,HIGH
22.41929370700572,82.77057958890587,38.48685258961961,5.503448464240337,15.972140529481582,0.08525689735631686,752.855253291026,540.6128977971898,HIGH
17.507250253747124,85.90818793387298,47.377743149130126,7.800266966044673,24.81940203204177,0.21546620943328282,2955.9939590294057,62.93927230132257,HIGH
17.162153729238657,76.84814003926832,33.79481272571442,17.5444300765569,26.36759118860927,0.35006433318184044,2564.7033385230943,110.17240336319004,MEDIUM
20.599510166306974,76.59315131853374,23.56487884481098,4.92328928166188,30.305683612379692,0.3273603413716176,3142.1907558424828,438.4802039201579,MEDIUM
16.89683009215065,83.10555757985178,29.420864226965488,12.865636852857207,12.915257817349028,0.4462570948688716,499.6946470111843,279.250539499432,LOW
21.9114372676303,81.5730626285673,34.58751086749994,11.957926624234961,27.151952845261377,0.1611564503951024,3466.7566176912514,260.0227138638024,HIGH
21.2965083906656,78.37868699887797,17.411691546891493,10.019221221797476,25.72510528152712,0.24927571966959167,811.9828274297743,108.07098169021444,LOW
17.646449232687655,76.33390337438436,35.53732773236912,11.102301675740629,9.531069350086348,0.18181216550959872,140.05157937458284,318.8589232091392,MEDIUM
20.38240407622773,76.39941162076252,47.37886861315572,13.538930564744193,17.29335538904497,0.22624124562366993,3491.2379927820843,102.13082738193503,HIGH
20.4136144297198,84.88900418397324,21.27355244286301,6.904612450990896,14.786370969442366,0.3927800519477553,1055.6512105133847,301.67366009700805,LOW
14.876552885105427,77.5146069095468,41.15563883751665,14.29592580910467,15.307770184496729,0.32368363007539463,2371.2661385427036,465.2607204081443,HIGH
21.671699706776316,78.89540140221297,44.96066019472744,18.497781927399753,31.59072510931282,0.4029764765390327,700.7198681994377,177.2106839956832,MEDIUM
18.294645165806784,77.87989222338338,46.142152563067285,17.68289673622286,23.42665792351827,0.13140444333275458,2072.777009477082,304.04811586244455,HIGH
21.024888461915804,79.22746121123534,46.68447494537976,6.770198284487926,25.22422778704399,0.3993444471365752,3173.7189539455017,595.4491025561963,HIGH
16.7204216087602,76.22895034883398,32.20816807780857,6.68649045534653,31.43882329556022,0.07390490967135377,1188.6159692566912,421.3907413118012,MEDIUM
21.611947442217705,80.95012780453683,47.25116096371962,8.82713861940844,17.05284277898333,0.40543971217486097,2378.8635185508215,509.5733596439632,HIGH
17.308214269240388,76.20993191771825,39.99123683543648,10.49934507413867,27.244164042867343,0.18162951178429115,738.8722019146161,266.4631357395111,HIGH
14.092120037582536,83.9037433321348,20.335157395819742,11.352200465352688,18.42874311930789,0.1758350533656266,2224.304355643666,467.6807261817375,LOW
21.695746799563743,77.95397686005954,30.73770351344301,16.234549903000214,28.868808123559514,0.25483543067946557,1243.9311961795345,53.09022857655344,LOW
14.775936752682135,81.17012510334736,38.70492878727613,5.020247778985038,12.335780991471276,0.4262760750892927,818.1080791990357,100.05937404907964,HIGH
16.71416591951853,84.74083041939531,23.16223042202975,4.624108676069195,30.74446824954271,0.06911254587256216,1164.8189723923595,145.75023796443543,LOW
22.075526719931844,82.33421237499554,36.140301057113284,11.054390132990363,13.250521001861113,0.1908923900282981,708.0596329265178,259.11259703067515,MEDIUM
22.080160748969227,81.09605675878902,36.997815808538434,16.54894645848365,15.829292167542356,0.3926287954733343,3166.5147666488015,512.074580645685,HIGH
18.87422204904793,78.90550440771145,20.369091545682675,7.481836173216687,26.14861361856273,0.20842179097418673,1450.4354134782382,227.37164894912038,LOW
19.370616303443292,78.99652008711108,33.647815310940956,15.547080662612531,17.45012339756976,0.1296627590388268,933.949636912849,403.13408030381385,MEDIUM
17.811786936815718,82.529613029581,40.463688062294054,8.67690648292539,22.59707304239472,0.21991767253256472,1624.586659454172,434.30914803798555,HIGH
16.49229155943355,85.93846329282226,31.463556929686085,19.949549958643296,18.669764025666282,0.20422100059666776,1189.822967142085,364.1239418303546,MEDIUM
16.793648635644285,82.44931149341848,15.399402853611544,20.122418996799098,25.816878490154764,0.4161664805866814,2631.025462965308,233.62792185697765,LOW
19.716406876654826,81.35672588238526,15.298269479616643,9.351169677063876,13.479950056846661,0.35477375029723884,3402.147700410681,358.92040477672026,LOW
20.39518350022028,83.17183035751208,26.781968351010402,8.13988757133833,9.402991693685049,0.25204622229760254,1589.3144327719992,225.09138789015535,MEDIUM
20.728421871669713,80.38465892897904,45.56440425824881,11.403471497192163,15.19830553935359,0.44534822668862845,3027.513559905617,77.80803097464688,HIGH
20.711754213753707,76.13149459730825,22.546333726919087,8.329568533242677,19.383407956842326,0.2361110125103693,2023.9344501027063,595.8982675660282,MEDIUM
14.775251875913868,81.40411656671806,35.93400173276568,16.102909179250666,12.032481252624287,0.0732951323281101,634.6012613203939,102.49399857053122,MEDIUM
18.202572589971943,85.55506548730649,22.32850373287958,18.86916432186914,16.51513495175333,0.15490972872599396,2448.117323076561,71.2385787865527,LOW
14.489249460141476,77.34068089475542,25.615109658765107,16.115658356401905,17.599592439045644,0.22442819208772508,1845.6772902277885,530.7625270480789,MEDIUM
18.670995499751754,82.74505135361699,42.98538895684897,18.83830805048829,9.377404248518566,0.11276104965844805,2312.0621790571518,202.04575670895022,HIGH
17.753009261673704,77.60980373092009,39.052427594908245,11.145858919734534,21.99937395642091,0.42902605052961723,3124.9372027436607,400.66927522189934,HIGH
21.54548555344555,81.12619068696735,18.14817615133595,6.813705472759495,29.2242422713109,0.35673955912710925,1597.4775402305568,217.53326590747272,LOW
16.982777606692668,76.51510272129056,29.14716669255231,17.28311705315666,11.641829910873259,0.15731488017110906,3164.003918939009,253.12893435284855,MEDIUM
14.99506963963465,80.22889483071094,15.962602200293727,10.488541092547969,22.347392321636335,0.28632181340716634,2652.2746485576267,179.40439404957402,LOW
15.215429297449106,83.43971495340008,30.869374837899297,16.082874854124384,23.95374091786031,0.3385796628438288,1761.2567479851482,225.5350833020158,LOW
20.472840369598515,79.14950100450932,36.86032238613525,8.871590955671781,18.064032330062922,0.4265115715627192,2150.9552612370767,264.0992283343296,HIGH
19.254853538188218,82.48157310711579,18.910586578739,5.462133426520108,24.82634209674248,0.4026541396701643,1206.975850564639,440.63715938263545,LOW
14.859542747043717,83.85222458829216,24.533202984002465,21.866472318779742,17.85755704378429,0.2560768904552855,3444.2308191118323,321.57563071383134,MEDIUM
14.714907851977479,85.23536710453425,28.128608641571176,6.811627142750787,20.111294911458437,0.359861047917207,2368.9939543713463,567.8321737794769,MEDIUM
19.95823761740252,77.96374185948227,45.344523813649644,21.79157789134266,8.176473069306248,0.274857901531034,249.07929848854164,53.871824488102035,HIGH
14.618485554095646,79.69281711599774,47.777415508957816,21.59103878619605,24.60128273923253,0.27108155601821604,1210.5144795432298,316.74894390025605,HIGH
20.98581050396803,77.10036813996938,16.482072866855322,18.288725870344713,23.872224294673387,0.09589678333527676,2219.2690747807956,363.00812963407935,LOW
20.003058930830218,85.92107677266294,40.11326147534794,15.869613317475956,8.921621055832269,0.10045506320646083,291.5331445174153,554.5122820623361,HIGH
14.691464635456148,85.2335101632051,27.266894191277327,14.400526904519525,16.838002577483195,0.261813446008983,181.2062504850854,58.02035846421373,LOW
14.721120569724132,81.16954986794588,27.95112014557284,19.589827816801026,31.496764179000017,0.15754461799160263,1630.0824143945288,356.8947634130731,LOW
22.386436417259993,84.34134959095242,39.89074412045175,9.209911389150783,18.097677501646803,0.05841476098418746,1231.1466109550781,516.5690592609355,HIGH
17.181301763927024,80.97005876135644,45.30807226079848,12.418261824727786,20.0466897231642,0.3391356815600849,1590.2152673127641,167.89880502796484,HIGH
17.150458250068574,82.04764972402897,46.3806436185841,15.149019448597034,29.838323795833247,0.06299463867606599,993.1572535920176,529.4866386586443,HIGH
20.908796321688772,76.43580653721817,34.04504533926459,11.40142856565084,25.214285020778153,0.28811073644162183,660.0403396061351,40.85474328634634,LOW
22.0516129077628,83.43033941521648,26.784998256916595,11.694756173624825,21.969683146981367,0.2656775176509258,2443.087413733148,447.4991386062259,MEDIUM
22.381009042494405,76.84099157816996,40.989119833339714,9.94512401503752,27.14731235218574,0.43752587623112177,1849.5417953105216,561.8745360661322,HIGH
20.403714574701006,84.17371011765155,23.28304564765591,14.15617270032165,28.744790394943358,0.2436852557390567,780.5243182478472,404.6026671348355,LOW
17.198206477012782,83.71129492053905,33.614442951506085,19.31034150427209,18.965313721694404,0.07544057455111895,1186.6040492839943,280.24666906885534,MEDIUM
14.709756091938685,82.94181932630126,26.833089230320816,7.627510804113632,19.40260075836405,0.2706751871225847,2112.146886055308,55.58217938944928,MEDIUM
20.605748785383213,75.87968399551,36.66882543235991,20.819794697561946,17.265222455644057,0.38643846824644057,345.57978412642467,554.4648735938983,MEDIUM
18.746436122754343,78.68284773742594,22.933164125485728,16.403577767468136,31.200947360443053,0.448739713712576,601.3402315050105,298.0688469341976,LOW
17.6058870785993,78.26268198406385,21.32256720924925,18.818917828240544,24.73199010296841,0.222137269475629,349.0350539651264,46.52814427149036,LOW
21.704012273305256,79.28143227845095,45.30188986028942,14.01143246734021,9.997353588993736,0.178119496998697,2861.878931228004,423.19801065739426,HIGH
14.945178599602286,76.42024884102031,18.359521537334718,18.031300625633143,28.711030959512442,0.4126613187807996,2658.1913929208313,304.64723453846716,LOW
18.187313386472304,85.33805714182616,31.696610955252744,4.2916071521104096,19.533438580070435,0.12649685163044855,2661.263968389474,100.87683094217411,HIGH
14.096505980523062,81.31492352747995,22.288141837779293,18.730847646031634,9.6500937541397,0.2961715660131707,2535.506167818495,152.13493130684796,LOW
17.983615456950073,78.70800526190925,16.284688789747026,4.7224994635365976,21.193214123919464,0.2122857696723791,2375.9104404775553,66.75968785983238,LOW
14.478577843295618,79.66830592927998,16.188621003617072,20.018440774531523,18.01194269541685,0.06643294598222212,1721.7725122857948,357.3473176338869,LOW
15.009952288278612,80.19562667530077,20.782318479492304,21.855329450295578,29.065985716702997,0.18891538972227911,2283.7457559241907,384.5568031736453,LOW
14.998973097605392,81.80624050028648,43.60342169869801,9.293214319182,12.895870486625297,0.15609140900106983,230.4292862791138,318.2731100626033,HIGH
19.51828756798654,80.91463399081323,24.32179855124188,7.785734013144285,27.83515062781239,0.32443646157739475,2212.9790370330675,495.7482158114905,LOW
20.341381473756098,85.15361571875138,46.36515262898476,17.776540549444732,21.384528588450866,0.42951619907676725,2744.7841988253826,520.7750281455678,HIGH
18.958634503325857,80.71811657051121,34.19353566864339,8.554474136564558,9.310647277123257,0.1572188749514551,1801.2184253069267,380.90590610938216,HIGH
22.178466662033607,85.91765915564478,29.408268262369283,19.580122897099663,31.32428723181163,0.3745863756606727,1315.5453166526056,37.27119343323541,LOW
17.186399925951484,84.43996205632351,34.142931544092,5.851166658834581,20.302765858476796,0.07214392677536381,1043.250898323329,426.2809037762093,HIGH
16.428552733395815,77.68936040075202,32.051046712466835,6.267193534828449,14.98104450155798,0.26524840401592525,2285.5269705510805,268.2595536446004,MEDIUM
21.383092589610413,85.27124975376113,40.039616373991734,21.62472799181108,19.265764207742194,0.07822002548395784,2455.5240753416897,352.36776543904057,HIGH
15.900564627415347,76.7218471777975,24.322370177104126,16.129100168860084,28.588586804419734,0.42361319645225576,3061.2898395326447,399.9759431507641,LOW
22.187391585245194,84.08322193915751,26.65066292280998,19.243970039721148,15.317674985241524,0.3565405122229561,1263.9358803673686,229.63487016643376,LOW
14.103313034863438,79.4965445815041,44.505111983597274,9.837928792327325,12.624233515680807,0.31317996448183694,2717.225845110991,552.7461479479227,HIGH
22.24397002701493,84.71873036467323,46.23306493396338,16.17670749137088,11.097709926341155,0.3795585526498657,2008.609802243749,106.3656740473753,HIGH
14.366859251579896,84.61459524612823,44.45442150705366,14.69635289155475,15.148625561365069,0.3090079182280653,3101.644068305469,412.76173015019134,HIGH
21.574716466433603,83.96221670123502,28.841783800591347,14.856702162213047,26.721154088961043,0.43757775886971645,1894.5611682051106,32.484960575250845,LOW
18.48545942723355,83.79531958122415,40.75206159922709,16.28558427167899,19.31903276468628,0.3355831791459086,1859.9414165530886,557.051130080953,HIGH
22.440200767014055,78.69913096052943,30.71907919893626,14.356465116323774,13.459558488644959,0.4198634438328987,2064.782076899091,94.12735594571215,MEDIUM
14.62727080025089,76.34965247203814,31.41881512082137,11.723122647447987,11.988439990633982,0.25685275680425523,2647.672207484277,84.08401118411754,MEDIUM
18.707761417411227,79.7312918770342,21.75444359889037,8.966608498849844,15.985507436249097,0.09682576519274506,3379.9476280167673,219.81435083977922,MEDIUM
22.23907155276234,77.32200740735834,34.50730000753104,17.834463956437638,30.55818494925701,0.26127108856920683,350.11540433360324,242.93278304227593,LOW
18.446331675446267,82.79698643347585,21.142484625860483,8.072903740057352,16.232641102160585,0.10074913122523732,281.67764812945836,152.1510412240408,LOW
19.349888424149732,79.13404712864674,25.941635069217394,16.462377510779454,31.714977822911248,0.28699739167056204,3287.6711471849508,363.5193467284611,MEDIUM
19.913863856369247,85.74390710902911,43.215996653457864,8.199990807687879,19.645530938368548,0.24299722421106518,1901.5771267619007,282.46103588391924,HIGH
17.863599050526073,82.23020681212599,21.833501703958223,15.25594305918017,12.29993403896362,0.2990301591331127,2190.6702495275827,49.48008575341983,LOW
19.33424368071454,84.13604591816079,17.348223410723282,17.44740880832252,29.387362203044226,0.05401879242193264,1740.240245422078,212.20167548552135,LOW
18.966671651346353,76.89150906378941,17.27725055622294,7.936850000317706,19.048528955235845,0.12793619666214565,418.43533886541326,491.9467607367072,LOW
21.659843089173407,84.55115206386253,46.04588917660256,5.078979415503549,25.032112244108585,0.24653217276485234,2711.5038866234663,423.1298748712651,HIGH
14.386294232902392,85.18895050039065,31.728374452740542,6.357527373895134,31.609077997019643,0.430201424635654,2640.5637933011953,443.17638654053184,MEDIUM
16.38818711153396,80.61415014759882,28.510598369961606,14.907945410878458,9.204208407679376,0.20344361614206335,1159.7912930755608,427.92664672760844,MEDIUM
22.07849761465075,81.86565584638527,41.75899317326131,19.29003531206324,10.32066943490161,0.2197488104214539,1141.2134337765613,207.25462218832897,HIGH
21.567242163072788,83.53050290948146,42.582255621047025,4.809942782237639,25.29096179510615,0.33587843560264885,2948.660695078763,86.80843558376225,HIGH
17.87308239867856,77.33580558623433,25.962304092814954,17.214722662749633,14.763800079091329,0.2915171029144472,346.0146763205105,185.3062948988647,LOW
19.27112708131306,80.77694380286614,37.88939589663524,10.143735627100938,12.423233526802377,0.1695704600393333,3095.7575044123237,504.11762110554076,HIGH
16.357740055339626,79.68596179160929,40.44705292311225,12.613510658551405,8.944685115673508,0.2143265582269711,972.6497456461091,588.8683547363505,HIGH
15.59902985765197,77.03692691770361,36.6034726665765,20.71947189722018,8.524321087668843,0.137079919542893,2116.148142368679,311.49279840268997,HIGH
17.941436441989847,79.35911143406108,20.00263746840328,9.975487085245218,26.58765447487498,0.4364085836520834,3282.380208606044,35.52920230613407,LOW
17.00349393822145,76.21580924854769,43.904141756062884,12.37606481091075,11.2264022568692,0.1022537526229439,2405.616505224598,109.82554291651056,HIGH
18.961076950732412,75.77102502296961,32.79012024028829,4.24628346569226,19.22529478330762,0.19873471382656777,1509.0613623879244,213.58592793027148,MEDIUM
14.660744414202371,76.91924603612564,24.32159007021012,5.468776960087091,22.541523564307592,0.06033558888800448,2444.4163102784114,359.7936486979814,MEDIUM
22.282355865162415,85.61270867168632,29.032530119443898,8.654648640426112,18.280443213652312,0.13871179677341855,1269.5307634756587,72.80337810902896,MEDIUM
22.382791328076625,81.27006012689768,16.239845983163942,4.501340334779339,8.650559656069595,0.36218845535206196,1042.6786155872328,567.7136602646325,LOW
19.934374569167833,85.64113269210881,19.21960444033978,15.364755868868517,26.804036062109812,0.13047009291555178,3488.723144977911,238.0976937721084,LOW
18.556819113925023,80.04122772246639,40.26304276702341,11.675170422429206,8.252317388999684,0.08202536101158625,2652.6867860112784,550.1730042171491,HIGH
16.630984738433785,78.77406939739522,15.000383946927082,13.866613649104396,26.285357465059615,0.23978127193780935,2292.04792309818,474.8974275715024,LOW
20.917257667509062,80.81448955982256,28.74667233991564,7.143649346133932,29.439307850914943,0.0539876938938074,1307.984786945684,460.59924533388124,MEDIUM
19.820214966707972,80.11487273064556,32.24283597582442,9.32677652985909,18.388158105372135,0.08390646177053326,267.1468191271637,375.8301604758722,MEDIUM
15.382243984431575,76.60947918474831,16.802935860032086,15.948840547349052,20.853019354347158,0.37305034782519003,205.5933785195291,387.26677571955145,LOW
21.74288106819766,82.22867630424716,47.11157937808699,21.375449025347198,19.44760142282369,0.35858933794384257,1984.216268525916,393.6618440732614,HIGH
20.991566564846934,77.7684009163508,22.462135931239175,4.9075019248397656,17.341006846962532,0.4160555281619584,2690.911251532774,388.3711906045818,MEDIUM
22.073299262981354,82.00567352642722,25.038557747997267,20.02691777539479,29.298188848888646,0.3918061743642998,1927.0892475091073,345.6250918970659,LOW
20.16861582130106,82.32711147018061,25.0301029044159,14.383861623601753,29.454404256079773,0.32327022529592725,2958.6692445929893,592.2559905352467,LOW
19.214029165454214,77.0962609578508,22.603749849872546,14.150552201601228,16.059592751396828,0.07093314292026515,213.65021251695356,447.4056234326468,LOW
17.55506580847026,76.14417108466202,15.048636128848276,13.005013633739686,22.761674096352753,0.363139447194663,1346.9570598481964,472.8594413837371,LOW
21.928192108509112,83.69799665371862,39.06837820490388,5.249093546275301,30.24578149150074,0.3882043243362242,906.0393299922054,527.3038045976944,HIGH
21.36154306075347,80.32790444957786,46.90590149337642,5.617783331250892,31.089403974592436,0.3696328583087818,1620.728091734215,152.91466475373403,HIGH
14.384358695902609,76.11071985280749,22.401684948406487,14.816416101863549,20.215016970129142,0.25339161412321043,346.0797368600164,77.76837068418465,LOW
14.224119283226642,85.94609633028256,36.88055732951294,10.137254285840049,18.867795326823842,0.1431607354597927,3344.0475813416465,305.24982886120125,HIGH
17.19993861846342,76.10669589046185,39.4825787896376,20.51082519839825,14.688663582284619,0.38813199027549067,859.0683636358272,323.0259965029857,MEDIUM
20.88970331164558,82.79786990301481,42.99803750998731,11.3186296724705,31.01292495656984,0.3408651238960554,3235.846436644188,502.6336145714531,HIGH
22.391847099177028,85.82862871526584,28.9467635014491,6.57906625664754,11.427543307348817,0.44230446975554066,1548.036727124718,282.95664019093135,MEDIUM
15.27854357437999,78.01139109426722,24.996719886134166,16.864939003036646,21.9159098251454,0.11227703910237317,3450.7820530677413,355.38622456025826,MEDIUM
19.05011108049315,76.99361837121556,25.73473942276003,9.280361585938177,14.781206420447333,0.14026583322082203,1983.7985037647165,330.43043495267125,LOW
17.237572281363683,76.7745418639355,38.516503992250925,13.458465532406077,14.696198968347119,0.1347192599526011,3264.8317381977454,51.7755867417129,HIGH
22.244272381424125,78.68438904945975,41.95372239468599,16.56099013909306,17.719246097028524,0.3670159070485347,118.18656156035767,380.672491060241,MEDIUM
21.158010846653525,76.56098101561179,20.99326093596789,20.204754001637266,31.971030459575708,0.12476291858004727,2644.0119410150605,501.9846728913238,LOW
21.12579399004467,82.76769408778839,27.24105326920625,18.25944150643017,9.31919136415573,0.07666393192932244,3170.3722205485524,119.77531240320818,MEDIUM
17.98389185825725,76.15406388036565,44.76402649272195,16.174499221709034,21.885003636884754,0.44942432263425147,575.0499277284439,368.7690883381596,MEDIUM
17.525965769870155,80.84893234557279,41.62088614992639,16.233397283112584,9.981731792846652,0.05992688457805966,426.8278958893151,368.3580103344562,HIGH
16.323960111411004,85.96531696545625,47.5003272911617,21.026643592577557,11.708499919772455,0.38409762406354625,1543.5468644322489,123.58542951212448,HIGH
14.47919172153288,84.0466878298132,39.89019256950866,9.324833754937648,18.549510602549567,0.1961467366202611,3274.5082808519796,100.37423702651954,HIGH
21.350140198167953,81.95980410142562,27.975441633921434,4.020017695531373,20.25104315231459,0.3866461839031261,1944.1143046474917,588.6296074965963,MEDIUM
20.90965857760566,78.71566301825942,34.491048521823046,8.895182069167577,14.211017800748575,0.271848196484458,1893.3519766538893,254.4199267022314,MEDIUM
22.49760022293211,82.0509062810622,36.81347039016157,7.922044833281392,15.594971140985988,0.41065249179454405,579.8288022176944,159.6303853724117,MEDIUM
22.471413115128193,81.03393537107235,17.58904193846509,15.913022532051967,10.087208486142394,0.4204771945658507,102.68433771694387,127.65499033899373,LOW
18.721169497622334,79.9738755308489,32.96839965042754,15.406808795779522,15.277274812262013,0.053639272512310404,2854.476308534568,410.53297674244396,HIGH
20.53639302903434,76.87245895577209,38.40758733959612,14.682304888685028,31.19740254513306,0.08016487039711531,397.75351415320995,377.3838194765489,MEDIUM
22.03050870400064,84.8093442600249,20.521603032034992,4.292381977770167,30.67297716013956,0.1501434918283422,2255.0893837001017,396.82471010282796,LOW
21.222002820757996,80.22273881262389,40.76084667504338,17.118004980111657,16.03707896328764,0.31772616654540065,3209.695945351651,80.16343568152779,HIGH
16.10245886481718,77.54353637411803,34.264501756965686,9.823547424738848,21.700494470690277,0.4053088786046024,809.4165047386655,539.3147125941091,MEDIUM
17.829625150135794,79.36147318421155,46.42331892802062,15.97100780211936,29.830289386662663,0.23397678051758514,2361.9276432054967,251.88184618115753,HIGH
15.097855028787707,79.84836240155373,16.399935840827425,14.018411713038759,8.14841174338152,0.29278924650970617,367.57516080553216,208.62056166530402,LOW
22.10943373169914,84.18914790345218,23.755762539330412,10.16915665770233,27.456405688102205,0.12539994111822445,2152.7674890478843,293.5460249312113,MEDIUM
19.15248439283248,83.20295099589472,34.8512780168942,6.4223728078739395,30.760869266934055,0.37198673355267414,657.3678512408893,252.3376574761481,MEDIUM
15.943463846779434,83.57770138323407,24.786477102795715,5.6995401578886575,10.19181762400537,0.43693124454138793,2602.2421057516053,522.2388917893131,MEDIUM
19.709455817449783,75.61582827650079,38.575997414350994,18.967329996020023,11.874744464790105,0.157439573165839,1124.186402299288,559.6787558627985,HIGH
19.254090043892113,79.8696169808875,40.04717432322372,20.531155757468042,31.05791126651253,0.24793038064021855,1675.5294299357972,202.96833337627555,MEDIUM
17.044383103279145,80.55411359217089,18.383026814193656,15.696184841757393,20.900963447368312,0.08444644420254951,2138.0638428939137,522.4434102521743,LOW
14.965239533696847,75.7015189066421,31.957197318823336,5.861814067488701,8.340719227321369,0.2736546625851874,682.3295962652146,475.4681838338483,HIGH
19.708372162538797,78.22803869182286,31.793388334504844,11.236489903988332,14.1831679703247,0.25111337673867223,2621.568583299911,560.5603732365142,MEDIUM
18.42261545768224,83.48304314278242,27.186265417112857,17.12090560189283,18.79864818245263,0.10777459366203104,1128.9771581651694,170.07767794595605,LOW
20.564706329752934,76.9396519101545,45.78652046479918,18.036775912181227,24.629813864594425,0.22682648524723004,2352.064323703362,358.86671556895806,HIGH
18.421389759451944,81.12075638025222,42.307708555816305,6.127935201239595,25.59584907528319,0.1836418608346253,638.1623723778704,186.49041330205344,HIGH
21.24354275270759,77.75961965618099,38.007909603018014,4.000552939216884,31.890116310210946,0.25873235012207574,2439.600041301591,499.7338595760933,HIGH
18.691208129583128,75.62726813376088,38.57277897925492,16.81846682585089,14.900268785210216,0.2842617341715197,535.8394475555699,33.03478862550663,MEDIUM
18.76797275805078,78.03261530479519,30.236632745832928,10.418731167751702,20.917282444843405,0.0533982314428838,1546.2120873179442,351.9469228452458,HIGH
21.451555622595933,85.74667442655556,45.392819196187006,8.580663969128684,20.79976514863052,0.35440239317982214,940.5006507121811,223.34595582499324,HIGH
17.429604362805375,83.91613967477139,37.92164909935842,4.2321544562114575,17.7354862267337,0.33520571674469635,2644.4758480558207,213.92971303435755,HIGH
15.139129441830447,85.57555476537085,39.056375034641945,13.725389321706995,12.059885452218085,0.1965145544826089,990.9190153233735,397.5966046030027,HIGH
14.24465274866338,80.6224674612268,43.435799824982396,19.320713237667672,31.45895751641222,0.07117437422752732,3097.838841744347,515.3461361089765,HIGH
20.41866667322576,76.65223008611379,24.044362448292304,21.23736963290658,28.479612479998067,0.35197301591402014,3132.1887187824836,377.241373094196,LOW
19.272631186504448,81.25357463422378,41.6333398276012,14.183409111039206,19.959992679061692,0.432070064191253,767.9004717574719,516.3085978286318,HIGH
19.9846780288434,80.2709620128796,21.442939897564237,13.260303899318096,22.477890144416715,0.14606063840880568,2187.0762130262624,180.82035377218708,LOW
15.810195372825742,84.36574936876596,26.3962844240813,5.53101493880634,13.454265285431894,0.17940984549481515,398.2399818478787,326.1160572160392,LOW
15.159157542487543,76.52986709823456,26.07514499090481,13.879710427766796,21.050889689401927,0.123525155792726,1431.2261386455393,286.8058272682333,LOW
14.123629658176997,80.62653193872868,47.29134045684164,10.839623421377103,24.67928319491542,0.2807744493379359,2525.2938803043257,36.63759271676484,HIGH
16.979994249856073,77.07551097928683,43.26572838368159,14.928435055904385,20.36400868127813,0.11193655785898199,2342.039039289715,347.3829215902219,HIGH
19.01430033826438,78.90909723234563,38.13860543247857,10.99707426177784,31.76684409403859,0.1924775773845518,2223.982275982467,407.0688647633197,HIGH
17.334074383347726,83.2422493125719,38.992873133307874,8.325384222106601,22.672199749945428,0.3288052055737052,1060.6389364523081,367.3912105188699,HIGH
17.718536837201697,80.49819035837204,33.548402215284845,5.709374954110777,16.903369102212057,0.27404639320373936,1385.2848280769667,449.6795423065502,HIGH
21.68534890319686,79.44682699403057,46.25399201458113,9.668532002600124,26.531648662780114,0.2045850257311741,450.016891980973,355.663531218254,HIGH
16.960171469698054,79.64200092498537,31.37653884511793,5.739607017179541,12.09110027795941,0.21809984072301675,2544.677589474243,68.04764526493145,MEDIUM
18.368910657858393,80.32419106826286,27.55708442570652,7.184145114831711,17.2283795289504,0.27484435304929183,1813.22190909033,96.37394872828551,MEDIUM
20.661050608299718,83.7426737102891,20.3801661187425,21.772050854431825,16.32701480906206,0.05234589115486452,2509.8031499752256,369.9905092000529,LOW
17.370613649730796,84.86688923387246,40.94478652461491,11.993864024319135,18.363370282586654,0.08140394738144394,946.4079843093674,186.7381394249749,HIGH
19.287736951936925,85.53101420829125,39.23664975849452,13.573691797090298,26.76271582228943,0.40250322710520464,1203.089977359225,75.39772354981653,MEDIUM
21.330091524347335,83.7624855556806,27.68371627129645,19.725133517269875,19.62015277192178,0.0811515956365163,1236.3321466843897,274.87356376567163,MEDIUM
22.070925301089957,78.81177240535413,15.831382660654569,21.920240208832382,27.056346806383104,0.33272143848420205,187.5241931405351,345.9638809076836,LOW
15.250124587896822,82.7254144139087,42.686911814694355,14.488860088204268,21.83573367535678,0.41801526564362107,1259.56276762412,217.38521335927572,HIGH
21.8759948138727,80.09483280258162,15.37679345398443,18.62452877879509,16.20966643178133,0.15827344172069246,2831.235549961314,440.6472102686934,LOW
18.182988491176076,78.17404153148354,38.22209272775868,9.884938438060155,27.43948984840334,0.1981965748238057,3150.814885549111,396.94924661770943,HIGH
16.195077300541147,84.32915158397219,47.01848462095988,9.50339123405124,13.718952093274197,0.2775685623378865,1861.9422731621535,219.70646582225302,HIGH
17.90265392802522,75.90347666410442,29.442823828890717,11.248666977902083,13.385191515195093,0.4026835878554339,1648.7057637453488,460.27734147787953,MEDIUM
22.330276889926555,84.96850091742195,22.75412236486644,16.105130728125687,20.10807017731606,0.4267622349041681,204.80370357785887,399.75617424383023,LOW
18.18725379893939,80.3455133785597,38.2607433314316,16.279450406591778,14.260381903090135,0.3458252992445072,3089.294747790301,393.3438658692042,HIGH
16.79438868744382,82.19061550648695,41.96522868651431,9.674309823690114,8.218088838829193,0.0846479043418776,144.23472564796725,345.4537894486288,HIGH
19.38390726169217,82.42321618316072,33.03220043056896,6.397778634459316,23.559140655171237,0.3176616622139403,3312.15027271472,36.4921108104751,MEDIUM
16.041237759614642,84.89873627741864,46.91216408345282,15.383132616379154,20.266251715337553,0.21412148874906484,1763.3352455395082,427.0090945818268,HIGH
14.644838288923644,82.18503166275568,16.705067814712717,6.3098655193977615,18.69242754783587,0.23828039979642462,1262.5772781540704,244.3438209322192,LOW
15.095477636240519,81.94630263998064,31.65825474404943,14.412865148127942,31.207244350839566,0.06965935613807082,3242.342678465044,567.2875347904337,HIGH
15.088389631141066,76.19984642588724,38.70898026164416,16.481598305013563,21.708780415109928,0.12642485573854328,182.9293765743289,496.25131951400704,MEDIUM
15.291172894854501,80.94328423042464,43.46713554792291,16.61100693510013,28.722357866945227,0.3662054430134591,2076.8446425548964,364.98584763284794,HIGH
15.180030967519986,77.07677450857894,20.91543519295707,17.56249799187274,11.346805668923844,0.23158353321914393,1966.3705832977478,173.74372963698357,LOW
19.447435330827325,83.2430545715756,41.40011489820149,19.711469588181963,21.660955115106265,0.17066489665245954,845.689364118699,146.11891416826995,HIGH
15.54598071739273,80.87833016853308,33.23933349871199,12.999261855366193,28.83151104154167,0.20360762958598327,1558.217266590716,224.019357476203,MEDIUM
16.938171908252837,82.64239168168771,28.086271505668787,17.14448541153228,21.99453817471755,0.3917598053302721,2317.6976202088185,301.64372784061055,LOW
21.6227014842011,75.93756545632503,19.34659594311009,15.14510923658506,25.23234027504804,0.3495996069619828,2572.2460693985536,198.75734072219984,LOW
18.028673942234416,76.39031616848094,43.55476004399411,7.359518916358287,16.929045627492975,0.1589261588724331,102.43731960237126,323.5098123737152,HIGH
19.674240777428732,83.02139557465816,20.190015869930605,4.4624136076493475,10.218788408889598,0.09700073608494933,3285.301662309452,124.26114254251598,MEDIUM
15.464718905213854,76.25688552798607,25.222999353900274,9.121744942184808,18.989607083049712,0.1507992886576287,659.3862661355621,587.296303310535,MEDIUM
15.634456659873702,76.24819564153522,24.571502554760418,11.974606714077149,17.46750538013258,0.4183025804218935,894.1734763560213,91.51699633004651,LOW
14.34738323826507,75.62713898996631,43.75666312829819,15.107906999715814,28.809444377094735,0.28263553513990214,995.809715359084,561.208159602992,HIGH
15.435948036113398,85.54326468214454,37.199198808893634,19.299267949057697,13.855887256459333,0.26339208349791315,228.58846427692006,550.7394664995361,LOW
16.36801788177165,83.24383777431957,41.29048610731529,7.532422900710982,31.201621460842595,0.2885574398769846,518.3772202071048,329.45547463711387,HIGH
15.504589116352347,79.20913978927167,23.265440660152464,6.259896218172588,30.99531487530791,0.1964113062986061,3453.589738010151,443.1988549465681,MEDIUM
14.753971536934973,78.61362360352038,35.62084528703096,21.342639054537894,13.943159433714529,0.3728428081278051,1171.7369070827726,278.54752984437505,MEDIUM
15.025404904355106,79.17188391233142,33.86761744374371,5.944802068775328,16.353246931455693,0.25931449972009996,492.02370715276777,389.11970919918974,MEDIUM
17.91661952827817,83.63386207740241,42.483402434012945,12.612839261929405,29.493337780973242,0.09669916110751822,463.7702879937193,224.12828433003764,MEDIUM
15.753836606449237,82.44439141623936,44.9008729958816,14.540147118279434,31.198933301506578,0.10162604993162519,2546.1638900779044,201.66064127770386,HIGH
17.09629381890864,77.44455346260841,15.401173458753764,13.744739576333888,18.642538468065055,0.26474365860104737,3005.533457710979,359.5909781166228,LOW
18.279046802266283,77.32814802100789,37.242657328940155,5.548578826592978,15.703929095381547,0.42462808722833567,973.6378183287976,313.9339142848688,HIGH
19.868356043349607,76.53315432199066,16.710581370951058,5.026484452065149,20.626256318037008,0.1733408486704795,171.0923419397989,360.3357304154892,LOW
14.33415318864934,82.43317855686405,33.112335947552744,5.8987016942986426,24.506460952777637,0.3978164675436873,858.5060627142097,193.3965313336031,MEDIUM
20.794988390726864,83.52591295332823,24.49188005844138,14.540578309707024,14.563388368999515,0.35563823463155175,292.15334870897493,239.1659641356873,LOW
19.337153310672715,78.28298749741255,25.12362778423066,13.79820797741778,25.675356190857748,0.14912497716276274,451.54278454214113,77.82183755847831,LOW
14.69495177156541,75.71992209082458,26.647630613927767,8.207334256661397,9.239776570751385,0.06453629932649699,1567.1276074819841,59.79753219515726,MEDIUM
21.425418304907605,76.36280250850248,35.502650818637136,15.479934553220648,9.183067826345994,0.0907389060569531,881.7224609295508,174.47056391361926,MEDIUM
21.827415404520412,85.66253036587283,26.023648867069383,18.76121503700169,17.270904923493084,0.3413975735389761,1854.2159869864395,72.32070981841107,LOW
14.519162658766342,78.60217016351291,39.17906866947925,4.748421277238688,16.483356609457296,0.1298678952162587,961.8787610744472,89.1515839218022,HIGH
16.353460009251233,83.5768430523004,28.349403723937698,12.966338983864762,15.575197168811656,0.1985083682021575,3297.826823750022,493.3691910745441,HIGH
20.85271087824102,82.05896747296977,17.255655610228633,16.407587417848426,19.78447430405384,0.25067966640256995,3180.2094909492994,52.1580072995129,LOW
20.360207368261097,79.51036621635541,40.86407480197554,8.541614687254366,15.69760597547771,0.3401872673800651,2027.1407570355846,405.5973925428034,HIGH
15.568428664529208,77.65971625305333,24.430024711559298,9.539876295276684,12.614190043234206,0.09529248930365015,1305.041572757113,185.3579168247783,LOW
15.779469248362037,76.77455739067376,29.281307026775664,15.045482253808908,15.427269178126423,0.2125465621109846,1395.899398918101,526.7810380036321,MEDIUM
17.149012873726747,81.9576361644081,37.619648146322746,20.162835281987263,31.39770254744564,0.24402916365707816,1500.2977626912896,306.44560220917475,MEDIUM
18.11844537412368,83.63365469669677,25.971053185907497,18.57863956545219,17.866722007876366,0.26633082558861587,2573.76969525881,204.17858181686066,LOW
19.255165558007516,82.26099466218187,16.867326652841616,14.496343943792503,18.673106644600058,0.3773442565580867,1635.5725847640488,325.05419334297767,LOW
17.135765936343066,81.06817239911616,27.33939455142285,17.143990919630486,21.83707975882736,0.11867127801728677,3012.8818181200513,247.71607085580322,MEDIUM
17.931545087131756,75.94048784603218,46.166803228912016,10.566804463740375,31.600178441941438,0.3731325807306489,3309.9222721632395,351.6516068618032,HIGH
20.35350297413693,85.66913216474103,36.17723511085242,15.53737950577764,13.798430634458313,0.3271513710786609,1242.2169214883752,95.2837349460185,MEDIUM
14.311807224570082,83.88649901237304,37.15881190601783,12.391268640296026,24.35077065277841,0.2723483256795837,2006.3612366773125,598.2845866031541,HIGH
16.145714026924175,78.57463138536014,35.86531107004211,7.418850456236097,25.183632645001378,0.32981114816102874,423.1922252307191,272.566850287129,MEDIUM
20.063471480018695,85.78968845826793,21.566740585661414,16.631288929790628,22.57578600303358,0.21480709558066258,781.5947624056206,228.49146463320014,LOW
21.609258120341195,81.81975669118138,28.805017515375244,14.016363472278796,10.125880151279457,0.10535903438724983,1505.7836068145443,434.819613540271,MEDIUM
18.349258257983163,81.61543791117609,39.78101334598951,10.455188475164645,24.244934619861837,0.3163060961061469,801.0892340660481,237.42266170233952,MEDIUM
18.522964624755183,83.35476838401009,18.34530561925425,20.404105421415352,9.53827306486821,0.25986892267424894,3080.30566868164,504.96635386639184,LOW
14.910962096388097,84.02358277494645,24.169141610960505,4.376814120881199,22.307423589197526,0.3057499202171102,638.1732706009335,288.9343128854424,LOW
17.803005117999366,82.39302537698077,24.11853057937317,9.683916722490927,25.749948253321826,0.18519951241139604,1649.2467932805127,440.1482955612979,LOW
18.527246764867698,76.8450053368451,29.256624610618697,5.023865159997638,13.06327737487881,0.4127466309359344,2159.377417563577,91.24833337187533,MEDIUM
16.060999280895203,79.05180881294223,47.352168451092105,17.79749169198929,28.198928181026577,0.2849479474302308,2452.337287746871,512.2879357664137,HIGH
16.28856746306974,85.24487822342353,17.227584040566125,16.63793417404827,8.728491332792103,0.08416099371634952,1402.435857070123,449.35925246352264,LOW
17.20691538638929,77.85846392436045,32.11713281455964,9.964339937253706,28.251508727799347,0.2299215962817715,3054.936833664077,150.67856372332045,MEDIUM
14.170605181110673,79.40775375029389,20.919034506402944,16.161932239727314,19.04789721542636,0.3525424218974537,2032.2851136649467,112.81302555509839,LOW
16.737672907457014,80.03680727091405,47.03232599852156,11.126870071527097,13.222110558359468,0.36765382469290897,1594.326453521676,210.28663877360592,HIGH
15.79730805947063,80.11375239179175,18.73901565600632,17.612568245603818,11.210675479855233,0.24783882110550354,328.6181557769245,586.3602340381855,LOW
16.783727493512274,81.93586561619252,28.31883307793251,12.175305929260709,30.87937202197694,0.40789902833252045,1679.944192713561,176.39399750322343,LOW
15.017978120463635,85.40229629631943,39.350204499542,11.42103510096998,9.74397410194776,0.15706737487771905,2890.501858773483,289.99250909958096,HIGH
21.569481886289108,78.0272734742413,38.250296124905695,20.825138478789416,12.778242078462217,0.21423947889530665,2189.4394619524724,47.111528658881696,MEDIUM
19.045535855209415,76.77576445115965,28.950045017499765,8.515823798032605,16.347736338393105,0.409438764227588,2929.3523426790025,256.4196918527525,MEDIUM
19.77236971272816,77.57344014352934,26.435297542439702,6.168052119938178,22.88563637506689,0.4085026865886316,1779.6396800376392,355.65240879686854,MEDIUM
20.707955528162376,84.81271145219733,28.12120849224473,14.521776038670247,21.075226046626362,0.3242851075298724,502.76979732123823,573.2810291295401,LOW
18.236758690896988,82.28101353287967,23.721116684235096,21.44779262111522,11.015443817895536,0.39359221884888806,146.37547584199564,324.53954561583674,LOW
14.738822448743102,78.50202128701117,21.775986977324393,10.80110584708936,14.953471609717152,0.08550930678249308,1130.9464588432102,496.891175921282,LOW
18.565405605457656,84.06744285917048,30.94031001944337,5.116661745318067,13.730042506064578,0.3959979904831105,2473.1676030924946,341.86275626427334,MEDIUM
18.988149503177475,84.54438496181608,23.861613950231042,10.107494811572213,13.125028507768192,0.17824796262009074,2786.8836734017586,53.24745765824532,LOW
20.336235530566803,84.38840055624792,24.486234941609254,13.106769777752053,17.86746407551969,0.12133260497128653,1105.5596377091201,209.5547168581712,LOW
17.669106142952273,85.14872860321532,36.67295009466038,6.914614119379847,24.896754862199764,0.14574793453681856,1785.2233310030401,358.06321946372884,HIGH
15.084432573762292,78.1485307118203,46.96173194609644,15.845839925016858,13.218870373213662,0.21718740320555485,1531.8042750758775,571.8385605807408,HIGH
16.41209519928916,83.42794025183592,34.92002761845938,21.95948900218361,16.800293112871554,0.1504768018417869,1495.7774667948547,519.704305058203,HIGH
17.086199519388398,80.33566472137846,17.540322413143887,12.131310567665988,17.382018244187893,0.17822703440659965,886.5856248805117,160.16270008194314,LOW
19.49029655131861,84.34098480534564,17.49425925718421,10.385114021143828,31.434956706449846,0.10399139442865685,563.6617571001584,155.4626031109232,LOW
18.85161558968575,83.14915211019694,46.39696628790368,11.212675003020399,30.911992565097652,0.16847070622359941,768.7410979861246,144.66859125492343,HIGH
17.026822170131695,83.65269818824711,24.81059608014201,6.07263121111362,27.203301986049823,0.27891352581680046,288.13011635537674,555.8243708924268,LOW
22.385379614740327,82.38969929565125,18.03821054072169,19.898924825672026,13.799814099660445,0.22674148323642557,773.644522200162,516.0197072679807,LOW
19.14908596453354,77.36300207943192,34.76847137596259,11.466861799384336,9.632895538200072,0.1886875044943645,131.28305192629014,471.6835563841808,MEDIUM
16.016427729755954,81.22278264841785,35.58040968357878,10.970939405647144,15.605699305294994,0.34858085154284557,2232.678562162326,253.8590151078097,HIGH
14.865151017273432,85.83903226500733,36.400659063916706,15.874424912748538,14.40306918641194,0.4074039885573272,1175.6763851181217,317.4970014502971,MEDIUM
15.299302683066822,85.34257469821975,23.824266919298864,11.956601576760225,20.142219203513452,0.3527156891609588,3408.692018851489,294.6690945332371,LOW
16.09064069126832,75.95332422586863,15.498652579077676,15.668202438541229,26.665469841627033,0.18280028084707167,758.6379726394127,174.43692130884241,LOW
15.365791672706223,77.2305555651591,46.84550719199757,5.106033222354175,28.599750533092593,0.3477768671350215,1275.8171390526193,317.86598630479716,HIGH
15.5858197044361,76.8831521212729,23.27947050780638,18.647020187000095,28.276738049852206,0.11079207298962049,1316.659939381213,47.38303227607004,LOW
16.4233089338977,83.1227890548456,37.30886750573407,20.92907115182925,16.632213469353626,0.10212719523651637,128.73508661236582,105.13191289355173,MEDIUM
15.473675560005416,84.08674596349792,38.31878570599741,15.677776950868948,24.493624243056388,0.1882508148144636,2953.3070403341603,535.3560698162994,HIGH
21.622506109324615,77.74186934626205,35.130244763623026,21.182186719458592,15.50802074058128,0.37308094761762284,208.78116449070404,458.45746720791124,LOW
14.681986838123958,80.81145327599421,25.32594400905039,6.725781658659339,9.461733037644386,0.14853929889692075,3296.6114380794206,271.0349931636796,MEDIUM
18.458346811347162,84.3273817941176,23.94617637421417,12.593491410646367,24.837566374470615,0.07530136355947184,3133.05279371831,324.77570650181,MEDIUM
17.488373029412124,83.19441622004562,34.7230533291892,14.83252121101805,8.23586126167491,0.10268381408254204,1920.7745146922762,240.89936499718715,HIGH
22.350218243723155,81.19349065766441,43.581155909185824,14.47125965358136,17.820382099003726,0.39349798741183206,1948.224954698393,452.2445242815833,HIGH
14.952330668428445,81.69865074981712,46.24221305447205,11.226312023602778,15.905102463249818,0.30351331389891506,2322.8449380509314,476.98669216228535,HIGH
17.381772591888804,80.83778574262094,18.494891545324002,10.085519368592704,24.641060924452457,0.15128046534799067,1415.9700405786157,465.0725584158007,LOW
22.240498682840638,78.62425873884762,20.109344215724754,6.282832405907539,26.389891346249094,0.27211833013127257,2300.5557635527084,441.8886831556363,LOW
21.356810570098833,81.43273092501967,46.17629653984163,11.051364110121007,15.298271263310813,0.26103184897014015,252.21252154085536,146.56747305489364,HIGH
20.94511260306888,82.73329567152595,39.30566253504816,6.927894671898732,27.479048346676485,0.3121743913762645,283.7619329890703,222.6428881670729,MEDIUM
16.19217402988199,84.66989061653848,44.13879621938251,17.218582176859933,15.05400225211841,0.14327502176864654,1654.5834267064508,297.81189794069473,HIGH
15.452544492815559,82.1810592167821,21.686876926466326,7.75895683890262,18.711832639677468,0.39576119487775907,1968.7158237605188,218.5520051137637,LOW
19.683467369357665,83.49177613895316,34.39033374661026,5.054175495121609,25.448444648339215,0.17374742483200514,3118.5799771417846,460.31591409024753,HIGH
21.89969590758448,77.18075216702302,38.13760661577663,13.942590480710217,24.630085501394927,0.3276526615904948,455.8461552868473,217.73150882247415,LOW
18.732484590618405,80.34635348140779,37.4436922197501,14.714135188949228,31.6968433354928,0.056449858548885956,2897.0029524592237,108.79228946764218,HIGH
18.85870786049415,75.59798200818447,28.46900579860104,19.6944351030491,13.403864581182365,0.19906285195765888,814.1609467930366,257.45305766753336,LOW
16.379822296112415,78.09012807747705,15.50803142581318,14.385669023518274,23.895629924949976,0.19068392718352334,1439.8844049341083,588.5512266859567,LOW
20.540689932131464,83.12784800868656,34.23655987454068,10.218655367022023,22.632365798618657,0.2673937714332058,1176.448278413204,158.75240537213824,MEDIUM
15.58987186273895,85.91400448916832,23.35235079292709,18.45421386747377,29.962362907760717,0.0790945047108786,1460.5279277423565,378.93043559764055,LOW
16.75127350943607,76.54137004566577,29.85839012271538,13.725020077373578,11.752691399477001,0.36605254949044336,611.6846934467909,276.7946384086326,LOW
17.616209728239543,79.71569031654353,46.60017349776597,5.427045123361451,26.043155926086392,0.13711232070702742,1812.1382529720868,70.48400356011618,HIGH
18.314688218817867,83.90074517134117,28.168165482200344,14.18531008563844,21.63844679045044,0.3208151259528041,2825.584805426649,308.0896654188939,MEDIUM
16.060482725528182,77.64237416360344,42.71345301992608,20.344333817589924,14.59198087490973,0.3712848492976373,1601.2156352882496,430.2336673295381,HIGH
14.97611301028323,81.32839196767401,21.22183998972529,11.13362725896797,19.38643793953218,0.2747507824966053,1768.086158053877,322.5353862218567,LOW
19.19027036075388,83.19724860831158,37.191196434825954,9.333864434196402,16.010638329675146,0.3463532826887942,2985.809789956468,527.1004563355511,HIGH
16.453359702542173,81.96784722773188,47.24122949648513,6.582450226324361,21.903521666923062,0.31474412488600223,2500.5975897693047,194.6940994948221,HIGH
18.940524882092205,77.47425971346188,18.362472328806913,6.726019394836432,29.33601465955198,0.19221191886080308,1767.544988967268,79.16202764326,LOW
15.31208307983072,79.23153797120027,15.274558093497337,11.78988671815274,21.663319625892846,0.37354341561342613,976.1652038432109,563.8423986450634,LOW
18.08969086576595,83.72981373709666,29.308232156876272,14.722236834907532,23.161338039838018,0.1678805479542112,3108.7509392728866,245.57191923108485,MEDIUM
18.527010176688478,81.31937839838618,18.056640940695118,5.4510772930528315,20.449948330753028,0.2784851671006069,2061.8693657478984,358.551164328571,LOW
14.440500062990628,75.55491094220058,39.696683539315636,20.912234602452983,9.227972154691422,0.3481590956566158,851.9018743763576,481.4417818942117,HIGH
16.861136364648324,83.49040298029499,45.18010590700244,17.592405114013527,13.588605365026261,0.20158236392500306,1015.0071589692352,214.85878840908094,HIGH
15.14252475398128,75.87076922687251,29.32269209938904,14.559230529105928,19.808041506369985,0.17110704304697003,2830.652502383236,438.21378676123834,MEDIUM
14.538687249018526,83.33020471867793,23.53748419112955,18.911896076901833,15.445646809872915,0.2337384040691291,250.09491109734856,107.18874439616198,LOW
22.414661975314534,77.626045881735,29.335309527218122,5.443361622618039,12.362326346268661,0.3771853977396615,3473.1134358979884,196.03743590713802,HIGH
16.740007682285146,85.5597715412535,38.87377798905003,12.583099799196239,20.09918820604252,0.4219687052582659,543.195711030292,112.48506259781635,MEDIUM
20.883932789764398,79.36337788867189,15.298787332152243,15.34167628350994,15.747435042748407,0.2680333651439561,2806.632986349587,492.401418288774,LOW
16.16444556549199,78.93278197154983,34.451981652995,18.915752310129207,14.194583436161953,0.3145864821294607,1442.2360770237217,156.91006407926767,MEDIUM
19.7927731389034,77.06332452849067,35.23862560128351,18.10245208088682,19.135650018569137,0.4113094488955657,1773.5350231773873,438.9200265809699,MEDIUM
20.461936809062337,78.70884426264726,36.04371214756587,8.987246494841195,11.198822193972156,0.08941874056517696,3094.2119633795646,567.680086430022,HIGH
19.062929295166676,84.7048329991961,22.98672863936895,20.935843052065678,30.265897593809775,0.14283143114646601,1503.898044603325,330.8301591692599,LOW
18.008397602676347,85.9615105450861,38.563739871478184,6.238225145755666,28.824850350061737,0.333560002500633,1927.4787624889973,337.81663958859195,HIGH
17.50064777025178,79.3672500703219,18.01591904894862,19.752405135180737,24.982894057772846,0.37949778476491985,267.6188521911778,292.78913381575285,LOW
16.965380265615458,80.2104116250227,21.575921103404426,21.476924492883136,10.549131862122948,0.3928116113322312,107.98141114934072,215.75738173437637,LOW
21.90099772610652,83.08174485112873,43.956511539597905,7.188763418007261,26.621054107272634,0.21604287074197304,932.3195682058681,301.12336762720275,HIGH
21.060264966195696,84.80505569488328,39.37786397397669,16.997189155668135,27.390975874616455,0.08573596091674673,2413.982515923809,373.6002933920529,HIGH
22.202728740665357,81.72696550896123,15.453603282374393,4.725139338003972,26.426350825144105,0.22511259091984798,512.3006374210647,592.0151961372758,LOW
15.05652639962713,79.6110198308672,23.196416592203406,11.29761085250479,10.735181290861789,0.14229383608282153,486.79065993546806,564.5257988113879,LOW
20.212373539230974,79.83252932891055,22.07541393877443,13.293099385558133,23.453790969626354,0.16647858199864968,1497.2660673220712,521.4271862270793,LOW
21.975893882978824,82.80399053821647,23.936608825220095,14.451614066373413,28.023795097985566,0.35890702273500236,2302.64593126797,536.8044053517692,MEDIUM
15.540481062408112,75.53379176784493,23.16947241923625,20.846870468474073,21.856481629272025,0.08021083441035476,2521.0447736429637,296.6740344764645,LOW
14.565218272617608,82.00568804332832,17.06336775951391,16.100512371295505,23.513777005474136,0.38103248699228087,706.7322919344742,404.74326649115494,LOW
20.299525518965503,79.23267660963425,30.14503704769507,12.663003121946266,19.00072350623135,0.22106763432966764,370.5997010649443,540.188032073642,MEDIUM
18.88302146202925,83.83907197840938,39.18020466794345,18.57415065278601,20.688975677217265,0.28842557244023803,3297.3499154148503,253.98193604507125,HIGH
21.15554460244531,76.47640171814288,35.02214691567541,21.10959077717936,8.825044600441405,0.0858608924942716,986.2657007111459,578.2046126569172,HIGH
15.188065201323461,81.6761238029581,37.20476506373663,4.397190676281236,23.33511252735883,0.18494363134291186,3001.378091869661,266.9980553794343,HIGH
20.759772150809066,80.5502153438043,17.677922891695893,21.685382900608698,9.95473310938782,0.08588036760593831,3035.8709315735823,372.6171192741329,MEDIUM
15.713832220405829,82.2444180220049,46.39919343583398,5.550378503146246,18.44035026416536,0.43461748915244386,2726.576811992651,434.588686565252,HIGH
15.391075514358489,76.18096274207117,42.67023051681982,18.658962026837706,15.023722344017788,0.3729046597305002,674.0342626187382,571.8374474532849,HIGH
15.396259282413439,81.58982976799538,41.56798051035687,9.046025545925424,21.090270805081115,0.2338531017425841,2894.124961464281,169.43127620979163,HIGH
20.923885121966748,81.39558817357499,42.158465566378325,6.379233839569691,11.201992052556971,0.13944101932946845,2715.4519014213947,455.29465759602607,HIGH
19.6541763759177,81.3869309913698,45.77944676838112,11.917401514849029,24.599441647359637,0.4233820420999409,2128.858166361138,326.86488410212684,HIGH
18.446056110537512,81.83662049926278,32.96038088175202,15.591218430057044,27.08027688628329,0.18783863829078873,1246.4869195744393,183.0775701537654,LOW
17.05005911504977,82.6029133408768,21.609306589631654,10.85713321042255,11.920506793835756,0.1143937726749499,992.5292545062499,472.6658986839426,MEDIUM
21.45620459691142,83.95238449664808,35.35385905913385,4.982177349088581,10.503514096445173,0.275265755381582,514.4233210732204,344.76669969909256,HIGH
17.3357834130924,78.33311756134626,39.51508929104199,14.790300513856899,11.49237158689662,0.42750964813792647,1833.1740274629628,406.7550777703152,HIGH
20.941095235508406,84.16301880689065,39.351273980682834,20.243258969992144,29.05106148556404,0.051532116200129034,2089.886976733478,214.05360908940358,HIGH
17.732646722846855,80.73168466376626,32.20781779750705,10.897876587050531,20.676542282152546,0.14524993730159952,1321.7525677536764,304.32615254173487,MEDIUM
17.204027650111716,76.30911193091048,17.259137738008075,7.893989997354886,19.21426390418006,0.42537905616416305,1716.220830114953,381.89192306319825,LOW
17.932778178191654,76.11478475706178,27.246726968194217,11.966392226790678,10.561083658456504,0.11843438674286483,1335.9491550555067,260.7991641338111,LOW
16.56171193039521,79.00950234630864,45.38529807929079,4.8705287988780555,23.589344162167084,0.09529738065592795,2279.420594890384,143.07234771318974,HIGH
20.354679731498134,83.74141825967041,34.286814021995056,18.76877652064495,28.831990205482157,0.2780748863199218,3164.281306508315,578.1350806197233,HIGH
18.273123315786073,82.93064981477961,32.76495412743854,18.874134597103364,27.876460863762873,0.394737529317932,657.3288909596125,321.5364978242919,MEDIUM
15.973807908747947,83.78045712906027,23.872165974612386,14.58400834173331,23.025313015539233,0.24084392707757046,1396.7899536706198,448.3346110639893,LOW
21.64638387283383,80.9313250926369,27.158814357247103,10.35585200089101,9.806689199640168,0.4478257026738099,578.9532534329285,264.29690032695316,MEDIUM
17.263075381672298,80.12208947853264,44.54642094205458,18.396100560024102,10.69752865222431,0.32166867981519714,2224.808819386629,232.4251054946583,HIGH
18.620199319468902,77.04825153041598,36.99328056838558,13.98436644619061,9.183415690635792,0.0796299628841791,2578.1597322612256,262.0836501262612,HIGH
21.70501294319865,78.94602391289777,40.983771882826986,18.866781553900292,14.179501195819263,0.4471328526727902,3268.50329083135,263.2420869578204,HIGH
19.306022965268934,80.0572033448257,29.99339896123262,15.366258266494372,11.255875211849066,0.21315769471207618,1048.1645492872808,340.18266608691357,MEDIUM
14.993633346021095,76.43030451163598,35.79815824205321,18.11929851783035,14.241152966058413,0.16496101353819304,3330.7180999424627,339.77782588937697,HIGH
21.98857305071454,77.81642550346771,23.19665908852585,14.77413387791968,17.24139333725508,0.27315167343115426,315.09308419029435,313.3776750532368,LOW
19.335518451107053,81.78136558766926,38.28020739935505,11.454539227881991,30.631586817707255,0.1717230367283457,2150.2471354396,106.82789740293971,HIGH
16.846697724585233,83.22446269951149,29.11084401221013,21.243025478670475,22.64902543476061,0.08458300284806093,294.2512457673219,312.76302274530275,LOW
15.183812617638791,85.98264886962598,29.604001988886605,13.740048847819205,28.039370856391095,0.05057133723167069,3138.8322383906125,126.38922323977135,MEDIUM
20.749214108797517,85.29768997910736,36.427636711037096,14.89161133372969,25.048436017095973,0.22983334116810494,1901.350794038184,101.89739818858614,MEDIUM
19.270618425392364,82.24693459511951,45.89726050847458,7.968777509465486,10.700075132639162,0.38474536889063693,2375.7843925935067,561.6080588844657,HIGH
18.534419281798733,79.92310455958776,17.11220943808449,15.261714209690977,25.662089752974772,0.27892607425203064,2927.3513480955385,374.8215074941914,LOW
21.59808695593314,82.17986232943645,42.21652683245125,14.28893769069299,14.602373157418986,0.4496829195773763,611.0561164454938,405.90933313101306,HIGH
20.70307629540851,83.74934198984243,24.648642643602372,7.327091163046449,23.33858832787295,0.16473865825888,231.21131058965508,259.0223920900173,LOW
15.289236477728386,76.74253000469557,29.64934199871047,5.072567752356587,16.183087367431725,0.16218202590402214,3088.195896103697,548.1191083914725,HIGH
16.64963757626216,79.80400134181103,15.723139849575295,14.878467754865879,31.94413431835182,0.11389978409357769,1170.7729733603705,393.62037906040933,LOW
16.112157688422958,84.31792399917398,24.934520568532328,17.74646084830577,14.325235507922667,0.11562543530613408,538.5282869523619,468.4268256284449,MEDIUM
20.323543486867756,79.53024599529697,31.586831006794306,13.421224676596148,14.699131298582472,0.16407463840401915,1692.7682060960942,240.0806073457969,MEDIUM
14.285025695254125,81.50465884788545,16.853810552465486,8.081907255753624,30.33613413349756,0.3671360181094109,2134.240657366464,577.2067720669015,LOW
18.84406232140619,81.67157828905309,31.20615906964445,15.99739558047463,8.591465711271745,0.41230271625457915,205.30005163653442,497.66293539023957,MEDIUM
20.48089882879587,77.43700065790321,45.5946507523281,5.441903078972841,24.720535708956724,0.4400348678830725,1034.6452380740984,516.7506239182899,HIGH
21.45250791247487,79.30347213734903,18.477976197557574,11.953006686435183,25.407833377661074,0.14291586163858105,211.51957254144645,128.15073243267994,LOW
16.907694864085215,79.01236853179029,40.226544026491645,6.940601651171564,28.073085857849584,0.4025190182456367,1529.1403232646965,184.44902848659513,HIGH
20.98068708971211,75.77506543958668,28.51914476140776,7.3202629190779005,31.38654345532341,0.18130203571093484,3143.3400988252306,192.80716181963894,MEDIUM
14.94036976411926,75.75401352085923,36.62073257930315,7.641291084847666,31.41444605975966,0.09513621780675377,3441.0181990781352,184.41825725071658,HIGH
21.194844479743406,84.23281895859562,23.58780773351257,10.960727026791602,9.566642181595133,0.3980099702080663,2265.9616819123335,517.5826523994441,MEDIUM
15.08365362982185,78.36724350471454,20.263244663864825,4.920703701167158,27.72414374606966,0.30444225385744744,649.5681588676122,48.1743332688975,LOW
17.376941969763124,80.93982704550756,20.29526627095047,11.160281936723766,23.511438407777153,0.1158923584324247,3179.8879259976397,73.37699371904135,LOW
20.777010609126208,78.63661852268211,17.326234206223774,13.210734048064616,23.536211224954187,0.221932503005201,1855.2425988802056,186.13147625904512,LOW
15.274298132464576,85.37713207371108,21.12634126174102,12.699297129393853,11.080398238752675,0.16490307795082706,622.7476611499216,143.92759555018287,LOW
15.948636859477453,78.22261596809062,36.919239704635956,10.89011380725473,23.604491994695678,0.3447178274840788,3233.870676135649,162.15997991322357,HIGH
20.139146831341066,80.01139653375881,44.095790190835764,19.104638945273543,31.579581934429946,0.23136649224970723,2675.39477245855,484.827617874381,HIGH
20.12031056064163,84.66366763008833,41.86614762450834,6.6158804635690736,29.883645668946727,0.44571197804255397,2587.7979272587154,350.98215851846675,HIGH
19.449754879525027,84.34030245131399,37.60943222585797,13.102541388064731,18.539135859316414,0.07189799290383805,2511.214392900976,33.289276936991754,HIGH
19.89856177797035,77.45406488738591,18.64425149256639,5.1167455052179776,8.958751358866264,0.19200610645449867,781.1553917279039,274.7139764513913,LOW
18.613157768454567,83.92775475285495,24.543185727766343,5.280802219802375,16.695043760004914,0.24276006684399098,817.4227518055886,262.4944083047046,LOW
16.1402920007091,80.31096231074787,25.223626885641476,14.329585294187734,27.833367478413326,0.2512534218993279,2440.196194652667,94.94880358338982,LOW
16.938415944783316,80.57117315689624,23.2485792311215,14.188331647980776,24.835978435163984,0.1763743289542547,847.0573503753494,415.4008195028306,LOW
15.543580592812118,76.90153971036742,31.99518677042086,19.804603231200225,19.024247734254953,0.3416960996390272,1591.483769130366,430.1953973763099,MEDIUM
21.72182977133584,76.3463158944498,32.67327589102919,14.041726161881318,9.322436843811946,0.3998988293955899,2758.8062070194005,440.90913485969565,HIGH
18.958830255512023,83.14336272322453,26.777237180646637,21.276238367287302,18.24547346775926,0.4254877207911452,2765.438561532659,445.2284389683975,MEDIUM
17.40723704249094,80.71284209973065,26.67504223830239,4.876507271198736,19.256598553229203,0.3720373507198105,1641.0900265879227,30.030111351409175,LOW
17.927049330975127,80.08693237745939,42.34233473090069,5.764138326053339,30.28533278945926,0.3902320789226398,2793.4457901358332,573.7348581926317,HIGH
22.051908386700433,83.15983640085017,41.046663994549625,4.793185508266865,23.386066485971828,0.27021812024799824,2951.314107073393,494.09899722115796,HIGH
15.303486926486682,83.53788543940665,25.157262445464607,7.33498330600372,15.479669999711573,0.38035529057072587,2326.237554366485,545.2695670558926,MEDIUM
18.982953572142776,77.16853576052821,45.155018647817556,13.742861996950205,20.607638346817314,0.1714015636591809,876.6478978486285,38.916678325237456,HIGH
18.300053770517962,81.90736406951524,46.4428955610827,15.620299265693705,9.58532738773184,0.2093915048436858,1031.6400533108617,562.2995135978714,HIGH
19.19736100119451,76.9212178639157,25.78250388699135,4.820532843076038,31.341637655593683,0.17676520552741776,1170.4599283897003,491.57946135221965,LOW
14.153936562477144,83.38943840330498,26.69602331017081,21.02747601722079,16.641437646337423,0.23695493417917018,497.1339662954368,507.2149114864582,LOW
21.413053226025287,82.39802914080497,31.68592706292464,19.158976779706858,19.468816517915258,0.16423184649545455,1028.7427092578134,83.17380929152205,LOW
21.923005401110707,85.54445352137631,46.056986813611225,9.339024678827677,16.52681538168614,0.43464457690177877,812.3653626626092,451.1034764836007,HIGH
18.803632060508278,76.22405917174243,43.91854129369628,5.389375544076423,24.380281522788803,0.17513785120226727,1648.1177493492473,577.1525130959918,HIGH
19.921532002953583,76.09907457208817,18.384742765258462,7.057967317943031,23.893571799910234,0.08921781524437594,3188.6876627657007,416.77198460835154,MEDIUM
21.841244740007014,78.4629642842786,27.960114527956733,6.284999447589508,25.167735452699254,0.26072686642016535,455.23307696345745,355.2200006360257,LOW
20.011528391663887,78.247909679227,33.26124926174247,6.2191080273810435,14.4354375106861,0.07283963137807055,2548.910941421145,569.0089163169283,HIGH
15.296581864771222,78.09327739025599,31.603371594200823,13.334110395983211,15.576043547937584,0.09421726652343221,2436.762215004634,282.47415938862855,HIGH
18.898451061417912,85.01567309547089,21.397481241917458,8.425253964881206,11.00602954630899,0.13775575567849851,425.56427545541607,371.59733279697286,LOW
19.157077894254275,78.12023509841981,43.3409534485491,10.446514897524601,23.732239324306704,0.23574009995285666,3236.74617667972,301.5128272917887,HIGH
17.60511070607028,78.35547212435063,37.33904583889563,21.811096000917804,8.955131056055661,0.22330037292361116,2032.8054873331866,561.7223461753705,HIGH
20.259776002810142,83.47368175538863,42.65097637010952,16.317656480656204,22.344376052563018,0.3698767448011165,1336.6667718613264,73.36829425633914,MEDIUM
21.942119625536627,80.22226834573067,43.339221218532586,21.081652006846024,28.872701236439212,0.34578986155364533,2672.231183884043,315.63822947044844,HIGH
21.8673323597076,83.6554608480294,39.69574317096941,6.56601799059608,29.379971558951205,0.22052731759628053,975.0425585655557,421.56289158969986,HIGH
17.832134656935125,76.18634465442605,29.49394984124067,10.878510546986247,18.77690624887908,0.18348168303025197,2457.9334459574893,481.38672690067506,MEDIUM
14.96252338964642,80.61949753357054,35.14804291550901,13.985172459082378,19.02328851711377,0.17658751362459946,235.01810574564055,362.32062904315774,MEDIUM
22.371150191179844,75.85294280192447,20.29205840195152,5.381645113997284,9.847260392192418,0.3595980349176036,2953.9873278715245,548.0831141492288,MEDIUM
21.13063373479044,76.15785863628122,37.23029877667196,4.075373985303242,24.09836061063286,0.0708289624885079,1623.780879872483,566.9351247238069,HIGH
15.059632790227768,85.01759326011631,20.915357439396264,16.067818008344517,27.710226088948293,0.055128659804242336,2264.755908817002,66.6619572203426,LOW
21.827156002247666,76.96207639673474,37.90033648683517,15.552751302425836,13.871721310513113,0.3682177567706592,852.2085873427245,259.35120753858337,MEDIUM
21.39411907752809,81.09041716388978,22.576739304880967,11.394198579993011,18.111221159200753,0.2408585503956197,2402.050623038723,43.37164238105803,LOW
18.410123485571614,79.81650382730741,18.879192904957257,12.813593368576587,28.132144082366487,0.1023524554214304,2725.6169380371402,217.76749470343248,LOW
19.0258412038319,79.14710492571785,20.454388174717593,11.477974010657613,29.05089122389491,0.14422637383780051,1708.9248354069557,336.0148842432432,LOW
17.391522982896106,84.94825012971636,15.06574046222932,4.432090807208,13.836319526341423,0.42300158123895304,2200.2715418101006,549.1531103906708,LOW
14.465473929987267,75.72914566614264,38.7184073891665,10.036688911914323,21.21369522899274,0.3938011902499592,1651.5081409961551,512.5359638052796,HIGH
16.84917655399016,82.46979170484369,39.16923461892651,7.187480597151217,12.619835615259849,0.33391402008958904,3139.9106554766745,102.67484420303187,HIGH
20.824254313083095,85.61564155924228,31.992800547137563,5.771635403824638,10.445090339349356,0.24289009213493062,1792.7552137486853,83.02731360231056,MEDIUM
14.039372195539125,81.38176592634935,20.32497243482766,21.220967810008297,29.86689203340698,0.2581294504765543,2962.1496106979844,365.8823830913002,LOW
16.834742959374726,85.33663585134747,17.757293137852763,14.788475050758981,27.69218010157062,0.44009781411358345,2824.596998118845,333.3072443015061,LOW
17.384433895523017,76.04870773250325,15.631255892430472,17.11581311625885,26.240837643276173,0.43630817755371487,1495.7163925844122,181.8352556151136,LOW
18.567862624972346,79.8973298502787,20.469689839852283,9.676547378790115,9.17039165151537,0.1361076183143337,882.2872723154152,542.6882581956861,MEDIUM
21.818772739508464,78.23165680510154,44.398232654443845,11.076648330892274,28.24949102504618,0.37444182652212726,1480.6792507032214,558.5988533930855,HIGH
16.943940952110673,83.17362013229766,22.970715776155497,8.264631890141022,18.51305782172921,0.1288970664668067,2909.1390776357484,259.48851985389274,MEDIUM
16.949102216117936,85.80361945022109,26.690953798168117,5.745382077377645,16.217482959100632,0.13541499115358058,873.950621785934,537.4724575547066,MEDIUM
20.268760608932862,78.1935656556646,18.476400987883995,7.222569473948508,21.115432664609035,0.3204372136658307,1883.0835759163479,248.85086972989438,LOW
17.84385249756336,82.36883331547779,22.33792305668962,18.355252815336748,10.19247782536534,0.2120004394350194,2840.7289430665414,449.9855941429291,MEDIUM
15.909140994989848,77.58002514397727,32.13441083574677,16.195824493307967,26.15951718445757,0.4226177628426081,1301.823415436488,301.2870640022028,LOW
17.845735887127894,81.4359676730019,35.055838542156536,13.844719767738585,21.9784418453191,0.08560389395840354,2283.512765809171,99.8723992090943,HIGH
15.1972846732283,80.37129111022753,23.096626367484966,12.551617711601825,12.47816232495602,0.25461025632379725,935.1473517659693,558.9224947051023,LOW
15.499289385302898,85.70605596113114,16.90516125442887,20.60381710581024,12.517572794457095,0.4174086121772485,471.5501142517437,288.83505822519584,LOW
18.23612606828558,81.8895363633129,27.904084681204154,5.3092290600160315,12.421967637744181,0.4116454641918021,2800.9063653157114,448.6576129837701,MEDIUM
17.56086632078866,79.16981690691159,22.728711240569027,9.050814638282487,9.368057301246417,0.1126116853662965,436.4933195896032,239.28907422583652,LOW
21.77619015907885,76.6980057413233,22.245279466583465,10.298881364272853,22.107162784920433,0.19665508003858262,1022.6967432705876,40.76210078845376,LOW
17.08034814249138,77.0880917017168,46.67547248954402,18.08366461983018,28.168356262124195,0.2976485600186785,3007.3720347912963,87.30230445434647,HIGH
18.93500097736337,77.86582776448797,35.33791603554889,21.865263162915483,8.419957135697327,0.11375795390856087,1277.9955760674684,312.8451033092569,MEDIUM
19.374246447316008,78.13514994407313,33.376988624679164,8.332069265628755,9.176111479310565,0.4372088688182955,3408.3541883481475,423.27968356202655,HIGH
14.111302881000835,84.43146860733195,28.720578416269625,19.73753201446745,21.7464866404867,0.41589973149106413,3431.0967382311233,220.79913615018907,MEDIUM
19.64006766214204,81.39283927696651,29.155163003194758,18.95120968777224,27.667896449265257,0.11678007161378767,1012.1384695420928,426.4284217312607,MEDIUM
15.513305718392887,80.99560456943085,32.84986512665667,8.043833157551799,15.841733373647205,0.09846218450439417,239.32595564962753,428.22228597621495,MEDIUM
22.16909769849037,76.70507315462679,37.982183632191536,11.187986443586006,16.39074557138533,0.08416339312330612,2497.215166298289,431.2434671768636,HIGH
15.26363318590146,84.53146678016907,38.170821174000366,11.374111647265345,22.312315939922623,0.41377746561465245,1633.3541090043686,310.7374567916898,HIGH
17.5243050516797,83.08955018368908,20.665898954279836,21.60797203347805,14.581109338979527,0.12744952391818432,442.5596694625594,551.4851055692573,LOW
14.725472178668472,76.21051779995001,31.50372081852869,7.25605422482017,8.63860078586442,0.21651397141774192,2505.5775845253456,308.8420152489509,HIGH
22.47343114069055,82.93226852091257,28.594617136125365,18.384843479886076,25.645484434438305,0.22954054626080123,205.99469098053214,286.65116029308376,LOW
18.26865758781556,81.20715128209778,43.72738988688968,10.015468855115978,23.015597910594874,0.28960441768542705,3058.6687476736233,143.64706683605738,HIGH
19.06077264722037,76.35811613034117,35.836824400206424,17.155666223970886,21.93814397733582,0.07869413749896999,571.4185989852326,205.36339979311182,MEDIUM
14.570150057801634,80.3121567360509,32.5726341917274,11.560198077321932,25.800419095803754,0.14070344696020637,532.860387738865,54.13066073543291,LOW
20.37466399839301,80.58931101486549,18.808023191904272,14.41047573609772,24.2055401014889,0.42259615476757045,697.2858130931874,391.115117361217,LOW
15.78419754131248,77.2406326717144,34.986050347672574,18.987011919870362,12.941167716279708,0.41336404290742784,3364.905618873026,171.66537403844293,MEDIUM
21.633461460246068,85.42983054350296,18.867728887447704,18.474980169709916,16.45954512664043,0.3625162589622769,2456.7758248630767,203.36849505671512,LOW
15.74368694409706,84.42474140054695,26.127816993669818,19.595617303714604,11.026643400287,0.05776049824728618,2824.663220576365,469.36427734866305,MEDIUM
15.620845625641167,82.52473454195564,19.713784838872954,5.073111856203862,11.116568322029146,0.18080270739844084,1451.9589514913603,216.51607440202872,LOW
14.310672176708806,80.35410339050638,37.83843035180418,16.456909954715407,24.228697912556942,0.3011834941371631,1243.4632735168489,168.05165844749104,MEDIUM
18.012569033434993,79.82353818663734,21.806319756593034,6.519772780991731,28.606402567579956,0.16007608470939028,897.2456230627778,126.36291700621227,LOW
18.80114963273224,82.33522140508502,27.93135931520486,11.484734224331397,31.105582012667337,0.4138346780215109,1734.2032962621904,471.66928924371484,LOW
14.558523435140994,81.22703462877251,44.5572676614197,13.874591470984392,23.080330821186664,0.30355578473297673,1976.2176940161728,103.93256705431533,HIGH
20.591984741907588,76.1538676117598,21.742440652166017,11.249310725442953,12.418431760662967,0.07876268692657824,2248.0344684193683,288.6396433427015,LOW
17.852955095358233,80.88127781208848,31.757567110639712,13.353010164454135,10.535608290774338,0.4136022355342812,974.2029135955613,318.9501661640008,MEDIUM
18.45731728928443,83.96723798094482,28.835964818478725,21.937473558375146,27.508423316882187,0.433106663270489,3325.4238750701684,421.81225023085733,MEDIUM
17.74648334897494,80.32201871476806,15.598093354509082,6.433911646831385,21.890155432639983,0.0810849673566902,677.1788939042618,390.9715849298074,LOW
17.406486017440272,76.04554406431981,41.16101774790282,16.158208816055662,22.838840504329276,0.26294409394452595,3383.220794205802,492.11078357874965,HIGH
18.756942816119853,83.75592109353235,17.27851490838179,11.128017394941073,26.75509013011302,0.1713457128856682,150.5108165255129,55.508317337955745,LOW
15.319542090411057,77.61431971242773,30.65041569223947,6.394176380331918,24.87865346557884,0.20713563059256096,1735.827352177275,198.9712131242564,MEDIUM
15.546389109209805,78.21551876632441,33.50238373298535,6.857261740737572,28.02699806854632,0.12186048718213677,1233.4506495963135,189.67644770196645,HIGH
21.325177778614897,77.22941671103911,35.73807306828137,21.086915912421105,9.349133731037083,0.281228840804965,1627.0196073628526,113.22963618750168,MEDIUM
22.041981428135877,78.96725818115073,37.724843767159896,19.832826940811717,25.940495281916114,0.43319174129955623,2040.2595685346828,194.83160469817258,MEDIUM
17.1731291883779,83.44589080973067,23.357988656249596,20.326755287470395,28.42046617573029,0.2512290401086436,1581.0031372432106,206.56622906145495,LOW
16.301329721720208,80.95355152479134,15.32929962972883,21.847589964892958,14.867241018999543,0.08316583255779247,1510.4792910254228,327.4741432986626,LOW
19.473996117531634,77.65125337858248,38.8736408577121,7.749677020153323,23.370734575838068,0.2980005333909634,2591.2596124052425,408.31155298796597,HIGH
17.47424045433382,84.71721582059644,32.67666777847009,10.397908072553111,15.53988953208733,0.1860891977805028,2431.9793352939796,247.22729275873402,MEDIUM
14.215784023112931,84.73560947699106,42.59188420583921,16.0459425386476,30.991305595578897,0.3923700758365191,2933.122358921883,440.0980318486273,HIGH
15.327297077612618,84.64107346298307,42.10581597572291,12.708445717491651,8.80216573845209,0.22387125932658808,949.8605362142849,221.6142429903606,HIGH
20.085763945202878,78.00736021950617,42.82976353700015,11.531011600810004,21.915028251990922,0.12713584357689825,2172.3969331638164,195.4616960694134,HIGH
19.600853506236287,80.23801311390038,31.008123779324826,10.440602488040675,11.996085129188362,0.12644224907645799,2089.6622703357034,338.47719183850387,MEDIUM
14.23031593627961,85.84239138947919,26.009737062616566,14.68805137498214,25.093284924251808,0.35750567228846414,1357.1085569671418,43.518325374300645,LOW
15.88676337643007,83.6061310012549,41.12142068551521,14.360681715521476,12.22136680204789,0.15623503932294397,1752.595642469115,75.4798004713802,HIGH
15.964135770998606,75.78525792286838,29.892705729965414,6.906241013156322,13.649198285560582,0.3568933576636892,1166.8592872394777,268.2426398443204,MEDIUM
19.71108832058919,76.18464820823516,21.053592481313338,12.491317075331903,19.864899465098194,0.13235492430663975,582.2709518977497,567.4602454933012,LOW
14.167539570912096,80.37127945652949,43.21414264552865,13.962491971777299,29.956038799925075,0.17867454748052375,826.9241162532917,441.26171451075146,HIGH
14.884922946868878,85.04681216154638,44.12447593348746,14.265164897165029,13.0811449315513,0.23619478897587975,458.7463977640837,80.23214461531792,HIGH
20.79928672567211,81.1563688785035,30.388221952625614,7.781929472422332,11.461760506834484,0.4272783398773803,2422.436555646422,512.401267285098,HIGH
15.517629627461837,80.72703133436005,17.49809100122299,17.36088506054116,26.215443964496735,0.42269256990152987,2346.473136571115,447.4114392466632,LOW
19.548341916740934,76.60747384954462,27.79826096725873,4.453583706779254,20.014868776014342,0.13274875016891513,3332.0616633715676,378.2395196505123,HIGH
16.024553638897174,82.39619109960509,41.516742762265906,10.386973399776927,29.882842697162513,0.19328761649722914,2580.90660640062,497.56698754723107,HIGH
14.845251838454434,84.13208318630237,44.75854294202554,18.043827673641402,11.518749371836215,0.10975975538150894,276.95585177084695,260.34261321348555,HIGH
16.06696362349536,79.4944100788294,21.714600502420662,14.150072578997243,23.502269432552943,0.25399403172539886,3106.433591358444,156.25559898669604,LOW
20.1392689207731,83.64392443471594,17.21012919683396,8.700923785195485,13.58909950764356,0.23423302027786663,3033.0955540154678,321.85333179199284,LOW
21.27341997890343,85.62700486595853,43.95256495338367,16.50915614817486,11.762250287639343,0.410304064980293,1607.2890906271755,342.8398006882801,HIGH
21.056868848819427,77.63954782084073,27.850362986302883,14.213036994809322,24.40230596377449,0.4220021511164291,2091.934371794933,336.8460320456499,LOW
17.376060001756866,80.99496112754478,32.87811182082959,18.332384970214967,22.248430877809596,0.20342695640291686,3418.666330406564,352.09206114366003,MEDIUM
19.678723660850494,78.51494855988804,46.94617179767505,17.23045335141682,26.11585900069595,0.24669517720759576,1909.8348370837653,570.7618033963331,HIGH
15.74236651103448,83.82497139985531,17.196636021169354,14.981942596652225,15.427101834708377,0.40849449965845325,3178.094216478705,544.2800051648519,LOW
16.491755707218612,81.56473034175215,36.394494245919155,12.787198155594652,18.75131975317256,0.3726831230980246,382.3317765546339,529.1587108385954,MEDIUM
21.618854457429517,82.16311538427819,17.445478944970613,6.397278262015421,17.73132023193004,0.05146252453785971,749.5763536095217,486.80758221791746,LOW
14.110516349841257,83.87809867596688,27.39047463939451,8.703994321936907,31.61814713519634,0.178023825673433,1598.5668077004807,567.7540211412127,MEDIUM
14.726822512262979,79.65768996295577,41.525879991383746,11.543790512507535,15.013974961745308,0.21870969677445035,2088.1731483468357,86.14194575725986,HIGH
15.767033168741232,85.10844571827396,29.304583680935934,14.787387166114996,15.075613720322405,0.14188651347329267,2875.174696333521,181.12025902407152,MEDIUM
14.225523732927467,81.09680310608447,47.90701767879737,13.246741393875487,16.50915701188658,0.1298286463583755,3460.091191486835,312.1818890231134,HIGH
15.542201198263278,77.15852563977116,33.44895640323787,9.18732146727153,21.550257950967715,0.06511380263827188,1422.0950880119958,512.524661080341,HIGH
18.955853268242382,82.80694074077243,25.598351036986465,4.11635844021479,14.055745862329886,0.3073478900279042,261.2131628762887,317.9444555679575,LOW
17.58210868003623,83.82924417960167,22.263673754856853,12.932305994214651,29.966958569102573,0.15500411619326626,2823.9831112041043,456.3798014247056,MEDIUM
21.587709544154286,78.82599760920903,26.56717763144334,9.141267794120376,14.376453556790324,0.07093887137252525,2154.8944448815478,109.20714599188224,MEDIUM
20.948270274776746,84.5003821984869,27.293598034065177,17.22294941278963,29.499577557444674,0.14239172421122548,775.0457201518857,173.8758733966393,LOW
16.905447489431946,85.01450417504054,17.267551364890714,4.431032774868703,10.483401527518032,0.37076558113445063,1782.4167525128285,447.1123741714733,LOW
16.205099184165988,78.40749711746699,27.195948581083513,14.526900603504236,23.757504857591655,0.39059567265861866,2623.854834814663,123.8983850660027,LOW
17.22738546942177,85.82697546350983,30.319871151394423,20.946536275109178,29.76765244251785,0.24322649807732105,2719.400076033389,230.27288275330827,LOW
19.017507011375866,76.97747104451196,38.85034582388055,7.139366808006991,12.049986521557509,0.2164282681634745,1798.7026007957909,180.97376695373572,HIGH
16.278540946994447,77.62116451822614,36.67207299581307,12.489690833510716,31.23984704238212,0.4411414774007127,1137.729402438121,229.42116570681273,MEDIUM
19.30526571671764,77.43436081199927,38.38926662256209,5.645595852708487,18.86920064997228,0.13022586383522797,3410.724778930878,433.7447079744431,HIGH
17.479999043625543,84.88689195508263,15.276001501936284,15.262274420704347,30.697162602584587,0.1361437131418434,2355.4328772520757,239.67289325139657,LOW
18.692401037241833,82.3700717994121,22.183024186157688,13.909570250732061,24.24368104712113,0.1667468708145599,1488.0075657774155,346.5000938865259,LOW
17.70707549765019,77.09709497383386,36.835581517195266,11.332579435830983,15.238084876965237,0.11910292731243494,1053.5749622958183,86.9611699210135,HIGH
16.5029589561063,80.12339589286766,30.971649149931658,13.384786386527342,12.519260598010554,0.20174623928167462,2585.7501422121113,488.8600851437378,HIGH
22.06185310917833,81.96062926323292,15.175344697055417,20.138343852442183,15.289641109402385,0.41433369079590154,923.4237150188102,240.83651661943117,LOW
20.49064925035797,76.37637289238853,41.54832320025014,7.533297441599206,10.2324178223042,0.29613913625142974,683.8139625105398,399.6644706490052,HIGH
15.190961994014847,84.76537186827706,40.50271591858113,4.406161210696251,11.452831192239914,0.21477861944490545,1901.435222471039,443.4720729472446,HIGH
21.381977795132258,83.93783712213612,33.097832378787565,19.50996792458382,10.511850568315548,0.42376431782848595,1085.9571349900823,149.50672560366922,MEDIUM
18.143165185120864,80.80467112255471,17.19328975061698,14.388107482982317,18.150645049797387,0.06938569299032893,2238.277492740291,534.2647414234095,LOW
21.603693928599778,85.6548294602213,40.2949966345753,20.031852198313164,27.093881030182075,0.13411047116074454,500.99149457239383,381.2478234159632,HIGH
20.79876967555218,79.88649028238855,34.26254839513501,14.745014021437106,11.393205301192165,0.2763554420407036,2326.7997555288935,274.37333079834445,MEDIUM
17.614314787988484,85.83315834988323,40.80467924621266,18.582899619274645,11.12769039613606,0.29622104927727166,1063.2081951921875,133.93105463958514,MEDIUM
14.190989120720998,82.51315998743809,39.80765074906273,11.734120540392663,23.44229478841594,0.06582300262504526,100.82597707734328,567.1115346036878,HIGH
16.28375755477204,82.16404836916638,41.499068374608626,17.497478763188838,12.732391567233591,0.21121550316285287,531.5825960921997,460.3888763550263,HIGH
18.60389082461737,77.24252640060574,32.09426619135262,20.434746404017407,10.3426409146158,0.3096615859323491,3274.29228463932,148.57400075795186,MEDIUM
19.38456486852225,84.76024146219876,19.630709100385996,14.298213346999713,12.004365876933864,0.32922821856136064,3049.0057729922164,222.49514159280795,LOW
16.192045326182217,79.98864172316647,37.14819662152973,7.254132710122832,30.16955350104263,0.3052559610065077,894.2707089232052,491.51432711020175,MEDIUM
15.184526629619006,77.20345076071604,35.47563490671503,8.838357070543566,27.71531006662858,0.17822528974436985,2746.4644754546703,426.53626803274324,HIGH
21.09690701279404,75.63237895974547,39.49435517756987,7.575602384153304,16.497549496522257,0.0874080494391638,2169.143416791512,466.49704684796285,HIGH
22.367418535980192,81.37743467820302,20.606073199674263,8.443426496723193,23.739698415857426,0.22084497856773366,3401.076018929556,281.4846282613715,MEDIUM
18.468366549572828,81.0376960322881,21.434181596709543,9.515478088318655,20.894616168032915,0.10150177494722219,1370.259242415801,438.39146970603514,LOW
15.45927392971058,83.05321303487617,44.383514068237844,13.992408161557393,24.250982323581535,0.42904946340826683,2416.9660825583824,250.30142203243082,HIGH
16.314612275414635,84.84770955668692,39.74926734891834,14.58384933034899,24.384107659106224,0.24006834640905134,316.0214562413232,150.41986265477198,MEDIUM
14.156320750653467,76.3337691387518,44.97154012711066,11.6769954503535,23.08961636143983,0.17690366974274702,1447.2409791757802,390.6259098595752,HIGH
21.771539855764242,83.1807131485738,40.037605598409385,15.077574036775038,14.386432844895406,0.35652162844756,3376.9800480398135,586.3279375913127,HIGH
15.0008842045662,77.46782541302461,34.70612509767996,5.468348661004587,8.936154098307636,0.24917943703290557,1932.53497313041,207.0425536953379,HIGH
18.900390041871155,84.51085905815022,36.58638032191983,5.580188267046879,18.93360276776261,0.17401360960498002,1078.7903113384716,292.7526675611476,HIGH
16.32946937584125,84.10016689554739,44.34122149002033,7.092930286437852,29.383373232576893,0.3747870969563207,508.9212746372633,414.18078150981654,HIGH
18.710513021384244,81.17833442734822,34.10062289889404,13.325394964726206,21.66793420444582,0.3968608604004488,2491.9963566172037,338.6585808098181,MEDIUM
19.537073300990848,82.95754938554477,35.868913702836785,7.851904216569644,27.97738500084579,0.3192032665154708,2292.510547661071,510.7538435541581,HIGH
21.052805331511216,78.80067618842936,20.163731628118818,9.099119262866392,31.798984231069475,0.06878576896306693,1371.3916262528337,464.19334268762407,LOW
15.754580809965127,80.44726293879455,30.63940026383139,11.205631051113894,11.92678889931863,0.2765291520666128,3333.2005963438364,63.22940620154351,MEDIUM
14.093464543597085,84.12718742595996,38.64110469461727,18.613590232186837,24.602663339407577,0.35531796479891264,175.48956415869108,599.1001033365512,MEDIUM
15.163527855584862,80.32228457031874,23.941109044440058,4.249518446431482,24.18304576880059,0.10460120483343288,1132.6610955482076,458.8693986200963,LOW
21.650158455708894,79.25688178591714,21.67438795730965,15.688818764259203,31.518930736598683,0.14146830055384135,3231.636253418577,522.4248902876445,LOW
21.42806565928138,80.68923069612815,25.356284671405714,16.039777558732336,31.654417614867207,0.4029980420272546,1191.1804902860972,401.18269589434743,LOW
19.07801136844762,84.1966171505908,22.9695207237635,18.375804046419457,24.480286681379106,0.05804868874122962,957.6596351075793,518.0825229866546,LOW
19.104393313686053,79.01968449739417,22.092117022201062,20.78955290308564,13.846755007572662,0.3510908551303904,1916.3493937662408,94.05829570936436,LOW
19.652811733643173,77.32449672792531,29.020077814646868,4.3624812810872164,27.165340115134377,0.23950931700576916,2900.925949729829,228.21056626880988,MEDIUM
15.49065586829932,82.9761472134732,44.958670958156624,6.768106699237891,10.568699221064914,0.22870886353584274,450.6989869864276,529.5599378545609,HIGH
21.772501540362157,84.17277123343486,31.732968342377703,19.951083293007876,26.73678330011909,0.05283861299795487,3306.270412795503,144.94347042212857,MEDIUM
17.55954946158262,76.5566935244971,21.20137256690566,12.253334119366276,29.844706979472715,0.3777592923865971,2803.2477960159576,74.59799619061296,LOW
17.25667749012073,78.01867818393742,17.540065089568845,14.162631500802343,17.188001474442444,0.1939299602546266,716.2508688752766,479.2277957687748,LOW
18.41080049490412,76.99070589249044,37.973152789551534,15.934489667016653,23.13524707959393,0.26630625252021717,2520.8270680737533,506.22710871667886,HIGH
14.399210717587968,79.15338482161275,27.632359226400798,16.223198880921473,18.32342557032383,0.32092027453426375,1408.8596569676943,122.71176436824335,MEDIUM
15.413408634426675,80.22868527850683,42.120421237316855,20.77132725969715,18.506361319715083,0.3310518305751663,1467.8019054594836,516.9772101861479,HIGH
20.27328573962415,83.36267653811471,36.76385536514542,21.945089513410053,15.448901338594881,0.43239202353042894,2763.1863142921457,421.45764349038666,HIGH
14.703788677363574,82.33704964125758,41.27596786786516,16.962834296756924,26.29111089080779,0.26253598129464367,3373.4683471344892,326.4471294334528,HIGH
19.126792930464298,82.01974995852353,23.97421930080881,9.169981765692715,30.468237539996124,0.20988782038977105,530.6299676804593,503.24260988538947,LOW
16.085467432291228,79.19993693940137,37.84784444121492,19.835543241298183,30.57802062162707,0.4314814505966832,1530.1428053879858,268.97207211181046,MEDIUM
17.3090127193568,84.33519930738998,23.71404549489272,4.8859764617337085,12.194750836998413,0.30684409401020846,1735.201467486632,140.5765550473364,LOW
16.453896762550947,80.44851525768073,45.98925982185962,8.159455351740931,28.993847591757586,0.16926014251062227,1379.460177646992,192.3660256680498,HIGH
17.023218089952067,85.78060184915913,36.00035129060136,20.152942914346866,25.69835459425093,0.10058569816142847,1334.843020635165,317.94349042718943,HIGH
20.111890194066085,82.15849245210524,25.708889405786287,8.611447259908388,14.068097616566941,0.38702180058607255,277.71346970942824,332.8585518237102,LOW
16.525534582796986,76.82577978642728,23.893891455644997,7.971719073191473,9.61483071011635,0.19487264111766062,2430.831309912919,489.1810710715032,MEDIUM
18.814439442523625,82.59986440179206,21.300577307364236,6.48625527652445,14.431934405225071,0.31418788854577245,1583.1290182081543,481.07105248183063,LOW
18.046428418692347,78.91359216203284,37.923151643493014,19.464011637644496,29.892997682756615,0.23832656774635924,762.298928989351,361.3789376066077,MEDIUM
19.64120490558251,82.70643556520402,22.2176152289316,13.00104866543956,23.196288197498536,0.12957191191801534,2874.5139078270327,475.04772551832156,LOW
21.96305278426044,76.23123205570526,34.64500777560714,16.148077654974784,25.305311861548923,0.29067464344818605,2828.7065437155347,139.31087122739245,MEDIUM
20.226862826287128,77.33625509034758,23.732955888536793,8.303194913350534,14.1716564266183,0.07427322758027294,1753.731535502239,58.536780443177776,MEDIUM
15.826993218021432,84.48524121851075,36.844975178197664,17.644727578201895,25.26531573379569,0.2153369839484769,1114.7322479023858,527.9712789017791,MEDIUM
14.26505664802092,77.88538534874691,41.893011041837795,17.680099809317774,8.674916150670171,0.2686459758654684,2269.515267707938,73.06606144477865,HIGH
16.229244376548515,84.28893181505087,40.67483302377356,9.626764448349402,17.00771229855233,0.22441878964743162,1079.7172616431703,170.61240495407847,HIGH
19.058162410952164,78.4323989287713,40.108093920715795,11.392287394185091,23.04208036501595,0.34946887010039634,902.4269631006209,426.3318012858992,MEDIUM
14.437119414616127,82.25026005561644,21.19483938784432,7.774424993743615,11.506317572991685,0.381169981818125,2583.749823689511,263.3853244475662,MEDIUM
18.21911310121051,82.78858102185322,17.916703250489117,21.578098419812278,27.752085786726433,0.35849722961327124,237.10581505123238,529.49896285184,LOW
19.073164215793557,80.88287490802306,38.065311340083724,15.62084638705141,13.640751171486048,0.06552517912472085,422.2128015176195,199.84848295749364,HIGH
16.841073071944166,78.70576210531569,27.155458055213593,20.82178985287928,23.65474670764271,0.12765150817838888,123.07979168020523,36.7666676015348,LOW
20.552753731839488,77.73276595189651,29.26742547131046,9.460939785324397,17.724731421807913,0.26464300370550975,620.0068340164489,201.37371511962414,MEDIUM
14.906085151637061,75.84848822290547,16.027920062181906,18.074036433944016,22.305046291463533,0.4239288161775205,334.5660296155622,359.502778035354,LOW
14.638671144754374,78.6914372130276,23.566022826076622,17.785455589925355,10.578813263093796,0.3839827100208468,3485.7280504517234,244.2848739798772,MEDIUM
20.18960442773063,82.35820930057847,16.11132132785731,16.44980173359775,8.405907198118577,0.38701380334072066,1081.9538978439045,334.8774707824905,LOW
18.211676187752687,85.35220059370907,44.01313049584117,21.38150155480241,29.829546257127227,0.17128327750386996,607.5112430754407,529.6609277359607,HIGH
19.851420369635758,84.64764706376205,23.032090546211506,11.08399604991368,14.471120210412387,0.22177915883148103,919.3872771861211,550.1164809113101,MEDIUM
17.696032378131843,83.54368015362067,33.39212659590926,6.3529118246156315,27.67224806673102,0.238282378926375,3282.8269432364577,181.6052168528439,HIGH
16.094417282532408,83.77869710415963,16.286317581817304,16.090759466393095,31.984407211332805,0.11294863333996417,1868.5447582829454,293.4200697638434,LOW
20.962369700230695,82.48234148649794,37.00596391308672,17.12757640858971,13.074350191973867,0.06242725209778253,1340.3815274467133,343.01208868762717,MEDIUM
20.795034971236323,78.23301200444303,25.6599024098851,14.351090322258663,14.364097788400535,0.42876115978420676,3069.530956891346,570.9941004263009,MEDIUM
19.904920002262628,85.02554782241121,44.63133316960297,7.722722076401133,23.908634903231977,0.14628503426540268,1442.9669198667104,599.2118719236993,HIGH
16.313233666454682,82.54268927501126,44.30790023482318,13.080206950048396,31.17076723041491,0.14597956148945251,1239.0291378561658,164.18213183967018,HIGH
19.01696066838724,81.38462662529462,25.734590405937677,9.619415258244329,29.979544356577854,0.08335162150750382,804.7605766691009,444.3785266671148,MEDIUM
17.06827812399023,76.66538942674156,44.731709557785436,11.694397507000403,20.06901248157404,0.4214031007775114,1384.509201291999,245.47770547292123,HIGH
14.77844762327639,80.19408320996746,47.873203225459704,15.613934365203951,27.08264678064139,0.2818948459759088,1176.7268104575485,34.62167222514154,HIGH
21.797165391429065,80.33376184762022,42.23871691609028,17.413865368435022,11.257900474397626,0.31681474285014155,2402.8334616136794,35.273937788464345,HIGH
15.162958362811171,84.57791789998804,42.88075447592256,8.180044436224176,31.458516420896295,0.414630754905221,1084.581195880472,292.52262431048575,MEDIUM
22.07701750747682,81.23980631197178,23.217288291599967,11.29585649164516,31.144477616863675,0.1882480675603158,2062.479137836709,308.35090041247076,LOW
17.791049070142623,79.4942057641893,34.03117916230596,8.844908277849324,11.929494989100103,0.2986029244552337,324.0333611087072,42.86472704686231,MEDIUM
15.573629895128267,85.75640344936193,17.21944516092314,7.575369049513644,15.18615499527456,0.065519781891555,750.3831327681488,421.5486275613524,LOW
18.606158052716044,76.66256622992631,18.1322919151151,18.10096995992509,10.403719940162407,0.12470901129245174,1485.1779234785859,197.58193149912327,LOW
21.42003960494947,79.93675849727542,47.96345619709859,20.366548499865864,14.521222373556313,0.382498322035977,3285.6274632895643,349.13906787549115,HIGH
20.22391153448127,75.94125908929975,25.77909523105506,10.664179342322381,27.58293894596496,0.3567073425353343,1382.6567514333644,201.5238717042887,LOW
20.855769756822323,83.26899326805277,39.69006909761193,17.523020638727804,17.079574571966226,0.1902570765828588,2357.852012079436,125.26655947550509,HIGH
19.599658617041097,85.13980379809108,41.619946749884946,20.1459152085594,10.121527211522201,0.200724251109685,967.2965562327537,262.0890310013589,HIGH
19.884350798401748,78.44039196028014,43.314767943238564,19.230235789544167,16.213412594693708,0.2634217734214318,531.9141583089879,162.39581793058542,HIGH
21.218163038305214,84.51258760639077,47.921733814271164,7.2906409937060666,31.553200021790722,0.05009640187405382,299.0244402721704,334.8365568439258,HIGH
16.12217807530308,78.56829141984993,22.96938401347664,21.213253867240503,23.11240628622087,0.14649773441521113,1138.4058950453546,143.33226226329356,LOW
18.160112190966693,85.06308669726111,16.33157728637009,10.780175927730324,17.987862713747788,0.1332927234432858,636.047491109487,319.7914066874374,LOW
15.88028025546662,83.41659998776623,28.56932009382134,10.106331901129053,11.99692432393448,0.1501931786999054,691.6355232548223,119.70575347525451,MEDIUM
22.3951780679715,83.9515211568351,19.29266210435525,5.123763891000046,31.668243134808677,0.37236233701337657,2686.58164851563,412.45558440689746,LOW
22.024504387336215,75.68906883380477,15.740054342347818,12.751125773887894,27.70037622231509,0.16186954261857728,153.84944121257234,459.74448013161174,LOW
14.3351278966323,85.60950874927727,26.894085295669043,5.962245081536716,14.755455258822066,0.12660852882005927,1996.554427500477,92.92471352246226,MEDIUM
19.99738896638335,83.1300454167384,40.8633622854828,8.473716776693667,9.681648697308546,0.2517053843172126,1390.1686940177804,296.6473748612833,HIGH
21.86461069803316,78.6998865015544,33.68396281042734,9.704967191811065,9.359013377061393,0.39625801454909276,1822.2699996890606,70.39686937327795,MEDIUM
15.534890433582335,84.2086439810179,25.321673643941683,18.558873822850313,10.889075588132812,0.14653988153499997,2013.6228065296498,370.9639939589414,MEDIUM
18.82753445969735,78.45597258335677,36.59328618125975,19.758795707126136,21.93844600674612,0.08141449711711948,1165.450161154746,180.71044981989786,MEDIUM
21.781650529498357,84.66391531544434,22.656599950190753,9.444393714306454,30.290322108931818,0.19256189433986587,1103.37012462657,330.74594039806345,LOW
14.28854081797929,76.68209409932534,15.474587720378805,19.45656618240233,19.92184227214363,0.3490607298259911,2593.5662877386794,324.95277534904596,LOW
19.92807227159814,82.88870276333836,40.2236617524021,19.43015687265624,28.230691578948733,0.27027621787791783,3062.3417596119343,556.8819773304663,HIGH
16.52746656266668,81.17733400477155,35.5835218005123,17.76371710692772,18.70127887663539,0.376717347829739,754.7775503589949,342.97743686417203,MEDIUM
21.857367660700508,76.51361193705213,40.15598660853168,6.640512052273268,25.006005098427806,0.43383685904369357,431.9037858195064,362.3091334394399,HIGH
22.253995083905625,78.0398851967178,16.284954550692966,16.425811244213122,25.56494569487602,0.36706499070064685,3152.505741732888,258.9422816856968,LOW
22.026265157464188,75.63024238091181,42.62494771841152,21.010433162450237,12.175128941680128,0.29152123153750137,1289.6445764011555,570.9753738142056,HIGH
18.030820841588444,80.4220636373773,35.44436460119801,16.28572861780883,16.669185415419484,0.24733663522095223,1974.4791282535682,472.9959683805775,HIGH
21.327362533409165,78.66328523798,33.59204657351712,9.969103283941012,23.295251756912574,0.06602763453930667,1322.4466913680117,192.6810154726197,MEDIUM
21.178669887548097,81.78275358512647,35.61226358777954,13.010427713754963,9.696718596424788,0.4437287915256165,527.7279435765745,511.1994638924523,HIGH
16.712354022567673,78.62099698094048,43.52629714665602,15.623050780318966,16.67696450631096,0.20339244903001702,2103.7275928222753,276.4659253055013,HIGH
21.045781530280756,78.64915067082335,34.368904716443936,13.190267357113065,20.83518719074862,0.11089128556674673,1885.478896016741,502.34027181414854,MEDIUM
14.314564895081688,83.30352858668184,34.171362536309914,6.1591529511574565,31.909387833071328,0.3166835421585827,790.1781012500705,499.04619892729613,MEDIUM
19.06829396709745,76.00549977777271,47.69241218317027,9.61715280373637,19.388805502938578,0.16371531563818376,1636.3547518177447,137.65600645482698,HIGH
15.955075116945476,84.98039744951586,39.972095513262744,18.443128549965387,27.585362170743764,0.2843113083724191,2809.621513653196,429.65044488863884,HIGH
15.02481852910687,84.4487706811074,29.59569557988746,19.505524829719313,18.369614841598825,0.2847071631378365,2107.4487505668303,195.66649250472273,MEDIUM
14.654102213848278,82.51194917387727,38.344101001086614,6.471400588880265,27.113377342873015,0.2282919283611477,429.5189120277825,199.57082189582087,MEDIUM
19.91845459496419,81.72882648612753,27.84460556582902,21.142961543177044,22.2899552388826,0.3844474462180171,1963.2730905790593,198.918403821931,LOW
16.888937192028564,84.86917623046635,22.55289026195547,9.918807121274968,29.27829059605756,0.15598682462217722,2489.310217584595,443.5739011091705,LOW
20.160517557994474,77.4459668850515,34.69611193729606,15.92164729715296,17.862621256402637,0.22945303664709366,2795.1915796545545,161.00084382174555,HIGH
14.55552889679101,76.3291762030037,45.6300092377604,17.53285262722026,22.503306075715493,0.2650768514363886,2238.999767356507,30.516326090271427,HIGH
16.679967871560187,78.01485678405015,45.661604160510265,18.6150322234819,23.120448334851858,0.31544988830691983,619.0377594386647,437.68500648510087,HIGH
18.585675985190367,83.843071926352,26.28287417748118,21.023494640066744,18.01719060321136,0.3635887402022358,2514.5891064065463,127.57530398602141,LOW
20.721146901131192,75.86403780062807,32.413356385315936,9.632551864518806,11.463489048499557,0.20792291315130246,2402.962276677156,89.55496532546576,HIGH
16.709396274922593,81.61947176837664,21.983984652805418,19.45311618192798,10.245425765896053,0.3084187776386384,183.05140199815295,165.38418873861428,LOW
19.320076699714576,85.95209392000875,47.85582661346315,6.370364261851726,8.400117214391194,0.11024438122740765,1499.9420698068268,246.54329772394127,HIGH
21.53081086000759,84.48480898529417,47.37689095964188,16.69073631436467,28.964822341885153,0.42305924021699143,1232.0308396720693,301.2666066597244,HIGH
19.234837099549587,80.97517973495769,36.43379468034576,17.355599131251743,13.675397893728668,0.20322352256840143,2376.0010184623875,55.40492320619957,HIGH
15.980155535405887,76.16822954750974,41.545663969356625,16.19901834162377,13.076161982762432,0.34180856879057536,834.8617618571304,583.2267995975955,HIGH
14.207406643230573,84.22942190104996,38.5983053223621,8.541665250432754,25.664849610225573,0.05813643275287106,2108.964538112479,438.15594044914815,HIGH
21.395840428157904,81.78927433586071,34.57422122830245,19.714776646273663,15.680386714097402,0.1320748571619228,3204.900270168186,214.2206172348716,HIGH
14.180789992228291,76.70679646912545,16.760483900633623,7.03945234066711,20.14507261788408,0.24483301772943122,2812.528065509266,211.65743665267647,LOW
21.434964217815697,76.48550149064523,30.007223304237815,4.965426247374955,11.900265567138952,0.40130098709293865,3232.956303136203,285.66925314002185,MEDIUM
18.4959656392313,85.05108160408422,37.26794797152455,16.91436983101442,31.033897315087263,0.2609020599802709,3426.9202875711458,386.9595489749288,HIGH
21.98207543735962,82.52660276084983,37.35854325816159,12.558562874189207,28.437953600413696,0.42194819291755165,136.27843182095341,113.43264795571162,MEDIUM
20.789657504076157,84.20751139282594,27.313046407938657,19.283764359256168,28.73095095116008,0.24351875863311856,2217.3203396834238,137.68999384602284,LOW
22.482439939533368,84.72927845296381,46.07583555971501,10.90114853904866,17.762569965728126,0.24617963869437998,1503.653952380282,519.877712215124,HIGH
16.981050431339536,81.50360969650738,20.52278206381377,7.029014593138831,26.296669128972148,0.09789871540021276,3023.5052671394137,176.06530661677135,LOW
20.521100455914578,80.93318669342793,31.5118617251135,19.055959464457654,11.453027729354723,0.37106249766088795,956.1699868310478,246.7111488458512,MEDIUM
17.416412765678558,80.0194878083704,37.79917122617715,13.88037336952129,8.206856062202727,0.148786164986825,3435.5002629912588,526.6249550415666,HIGH
18.078942772583225,78.82793917180675,38.0054815944297,7.405524263026388,8.479350381872674,0.409844995748926,2186.607096448741,407.99426275789887,HIGH
19.333796437356146,80.06325758901647,36.40508557337091,16.966911974556023,22.07844169770945,0.4143296881321585,2798.0271675780255,224.77577122476237,MEDIUM
21.42625547058388,83.62573638516665,24.084511043911384,13.20004549281101,18.92947772595058,0.4273240447496599,391.0384795974123,419.7087410630338,LOW
22.36470948819401,81.82019602565889,20.154816766658527,14.877633680325756,20.432368373804472,0.25809219564123603,723.7568081801411,41.21943276740581,LOW
20.530324017848404,84.87149454452589,35.98603078528146,12.296170087718474,8.179115370013266,0.3208375139134577,2678.5724883162907,449.3163162064782,HIGH
17.551017648422338,80.15549015098148,34.776969832601445,18.916761708724117,18.14447887177822,0.3614063520246654,174.75417493370026,307.5991430942565,MEDIUM
17.581534519355095,81.87444057654692,20.91874833954495,18.932128882294897,25.23363586882066,0.10240584746018624,2877.3851520388616,493.5138239521429,LOW
20.269449563505578,82.12872930746587,38.26959180382859,16.76899879283895,18.62464884721846,0.2903828779989989,147.42666355249895,574.1434616436869,MEDIUM
16.02960573903057,81.71282020421641,30.020675727210662,5.897224793136321,25.573260951493335,0.06371916052132467,2334.2040528083294,557.699473211904,MEDIUM
14.939029961616855,82.87765461739792,37.036099522904046,19.09936951427324,13.592455145524035,0.24902643335549035,1341.31932878814,548.2810747695443,MEDIUM
17.0142883399466,77.99305141793546,42.633113632414975,16.078233649592377,27.515408107561413,0.11193707264809097,2179.082499245277,321.9368748823157,HIGH
16.441531429059694,80.87981966423081,20.601038143038465,16.54643498807739,22.122349770882856,0.12316917038483388,2466.5067837629867,235.28100505919468,LOW
16.518619023875914,76.59436042948765,15.63178064389561,10.53369112726969,13.05831438631775,0.19601902667704063,1264.4157452334343,295.07013509648345,LOW
15.985665883924234,79.53736894027053,40.710385351060964,19.827032010826123,13.681291420491991,0.22297486668660121,467.07232357684086,423.2407218886156,HIGH
14.357792111909076,80.62050422052327,35.12001503003633,17.056688804227434,23.07273114966889,0.29926896981287493,336.7959503441032,533.8787328165765,MEDIUM
14.151928445234017,82.34835472522747,38.08810579753002,6.0266283975255,27.918550237098643,0.07977136737540627,2102.3824767126625,147.98219271006815,HIGH
22.395640312756267,85.48057605215513,42.6591141746252,11.340004619310928,17.975066768699726,0.2514767044949779,1870.2282026959792,553.3701003231707,HIGH
17.63607163675483,81.80683619875774,41.492760849208516,19.95484651528255,14.199210299062212,0.12305005210124045,2623.4834310118504,494.6527322228368,HIGH
17.266776500857294,83.30773611985387,46.71036484865121,4.849540630552822,28.80827856585441,0.27959007001269676,1833.1007340133863,587.9479286515938,HIGH
19.777001902891094,80.81579362469962,32.6858576021199,21.30549915355689,24.06243900202004,0.3049618449044734,1536.315686104989,531.7435107705617,MEDIUM
15.855158046853045,82.15809232945148,31.120355877776877,16.22492622975213,18.754051694793837,0.27268370262114155,1453.4964060031848,189.5642779243868,MEDIUM
22.074670063576917,76.24478826940462,28.262277596394092,15.364767597580778,19.709604686703244,0.3453182041913231,189.91946883206938,90.3948694661072,LOW
20.683932622532193,78.17111159883939,20.07180441385875,8.870066616783845,12.902155230473515,0.18424369769636056,1240.8944857686342,93.9774110352055,LOW
14.759993519654206,79.29945747865396,33.89603868510674,8.478252197305187,23.043263121556254,0.35604263665325236,3418.4685355832803,195.9972915896174,MEDIUM
17.54943659417189,80.46118022756839,24.1414133027573,20.957047950794717,16.609820253029326,0.22310683268327747,3070.088959172102,380.08472267118736,MEDIUM
21.4725056142784,75.97931182777504,45.40314790302819,9.368904176214208,31.89548424018438,0.2436737993290387,1219.8854279163402,488.46258587538836,HIGH
22.030222189476987,76.97025302430984,34.24529654114422,17.95909534094199,19.52440436628531,0.30924085090442854,2098.5043772256654,542.5726749794919,MEDIUM
17.972912845623892,78.40655023180871,34.563725956767634,11.076192367727424,19.661254548550716,0.05734335359968959,2980.8089348206795,385.5394290904627,HIGH
19.213996808291014,85.70109325446103,26.71251380894133,6.506573274124672,21.580442897856123,0.31159768856809933,1600.3327449502335,33.20984826639062,LOW
15.419788541782639,78.97914357458204,16.715648615264346,4.192875358516461,30.002144074849923,0.29743405962884617,161.05673675051327,136.20056261556408,LOW
22.4249333221643,80.56143111017687,16.047544257308623,13.796632066274515,27.219634396634007,0.173938846701312,353.33557018337626,86.84393619641972,LOW
15.969209461759268,77.55902598375313,28.970059757055516,21.564018733880786,18.827121675148195,0.08431771395979579,1835.3352525856026,237.0949510743357,MEDIUM
22.013220080148567,81.91319074629557,17.79065747720885,10.64445148856568,25.248782383347105,0.08637417996521646,3396.093877297986,315.77006637123515,MEDIUM
19.52199651643513,78.44717376291773,35.02594953282459,10.429462011874808,22.069651970738278,0.41928949879409144,2456.9124435441504,54.73639178977968,HIGH
19.1657627564703,77.67342207360348,44.07210918610869,10.193649121289958,19.816809168829973,0.32571172849033486,341.11505089113643,228.63244620352353,HIGH
18.357852343640324,80.92401259868278,44.13618894511783,13.369789071487451,12.615578546824413,0.10084104550829616,743.8269776923335,132.13241453643388,HIGH
15.960693399600949,75.55781089118442,36.74849853436367,11.931967901637284,19.13447032291738,0.19268926772356254,2722.49868693729,398.82999476755816,HIGH
15.50048827204682,75.58047234281686,21.970650438606725,19.838463281086263,13.899646088541791,0.28699319756063857,2960.895183851232,294.6352505148738,LOW
15.874132777096492,77.8002224955695,43.47889543484278,13.099374251022825,29.95621159643971,0.3842286820362595,2200.161593041209,312.33105875232803,HIGH
15.584725228226164,75.88557430625862,44.24108336533587,13.139641087394239,16.049763523912326,0.06746437148520341,2291.0387767413763,273.7843191790728,HIGH
20.626468025317404,76.63427041837225,21.489568303447637,6.490688704970019,30.854336348800935,0.14465325258800354,196.3473313035078,574.9312349773431,LOW
16.976064702917206,79.05803681805689,39.335060830432354,21.689311736386948,20.79332696227307,0.405899596118152,2917.0028825771287,152.39902131929102,MEDIUM
14.49166275078887,83.92714963558804,24.455145114595055,8.499512035638935,23.157065088227846,0.053666220073526595,2780.1357077808207,324.4986281110084,MEDIUM
22.237372356196897,81.50651075537766,41.48713030764668,5.320553214272848,21.030570667743866,0.13055964111755497,980.7194899513803,449.52989996824147,HIGH
21.51218002218912,80.88301112254237,47.90885069681889,15.936632481553758,11.105134807200821,0.4336096703891864,2509.5008478827235,347.40131548670064,HIGH
21.88589440715931,78.58163264368528,15.990858175869963,14.716594662823708,17.019709256190584,0.29536073860886847,830.5056618449935,559.5419048585766,LOW
22.4567164924947,85.28341405404457,44.613073571100756,11.472621771869424,10.379506694662975,0.15466854665500257,237.12254757514418,245.441962715532,HIGH
15.478109618365641,79.66865793299051,35.546807608755714,11.599460209852205,22.95089706040116,0.07679643775833905,783.8642448072827,294.29520929071145,MEDIUM
17.3680571606726,76.4144740513556,47.1216264324391,18.13115057883576,18.724980684810532,0.06127653617888887,707.3381809646183,80.4577196723952,HIGH
20.445027043484778,81.97919841923691,30.345314078372112,7.522827521793683,26.671639317702486,0.1478980318547709,1248.3431888984805,377.12949329959923,MEDIUM
19.916175253457233,76.69530313150432,42.96380170885533,18.764559741008014,13.291291543984876,0.4025943278355642,1522.7282903965574,194.28082201542045,HIGH
15.308115203888768,79.12484299941777,17.059004263743148,15.677448050110327,11.949585402304038,0.21636546171900378,1829.032231092207,121.37615252387424,LOW
20.934581562420252,80.82782535653699,26.06420865258376,11.54145592803144,17.751973543130426,0.3381333476663972,1720.9631767283156,340.3828369555696,MEDIUM
15.907744860611615,84.67933650919434,17.21154574578993,12.244515098509636,30.238049197241146,0.4173140141519831,1020.2936602819839,333.41685012654904,LOW
15.902449725992296,80.68223909357124,47.18632340480933,8.619649729349725,25.050123560297884,0.21321618464112663,199.18027315185319,73.24683549770711,HIGH
18.564282594594015,82.87371704333248,41.96013893997061,17.538057988545546,18.054166995030048,0.12651094841495883,2157.3455156063123,427.9828084918495,HIGH
19.03998944615448,85.92457680949023,43.13406490111703,13.23174536149482,20.414532074103455,0.2568471723427678,1445.5324214810048,385.5501486709861,HIGH
18.930732766621396,76.8806357589288,45.95285263731851,9.775381769497184,10.02111226825036,0.4132334748239418,1115.485335117669,137.7398511655034,HIGH
14.777638117880917,78.38468101795496,17.808415041952916,14.728902083697104,31.629821513026712,0.3717497656550803,3047.599545623742,297.577871427805,LOW
21.458417332358234,79.64304879377529,27.72472055294,21.923220136923813,23.993775312678054,0.07633193734526152,2638.9272465137433,440.5840623927792,LOW
16.257600362004002,79.92919587465772,17.344151338452072,11.834721033817969,14.84969764312214,0.32702912003103274,3016.4028644663035,331.7783721085276,LOW
15.100876830903836,79.81572129028822,21.956172351150943,20.57244521401515,22.059401461165862,0.2787590089835815,1782.9415020223673,255.428773424635,LOW
21.554358678886306,85.02991552684382,22.569070642243187,10.21030311864219,10.627576785655855,0.4129852705385702,545.1662572310433,213.73292110613787,LOW
22.123037734952902,82.997342766902,30.480537964570097,4.9851887246497455,31.180080051382006,0.0989925667401189,2467.152882812326,377.92450398711054,MEDIUM
21.328084746756332,81.88300474795238,23.862551525970204,7.67635791463172,12.194839709200782,0.2636144452818627,800.6508517863958,565.2919580368372,LOW
20.880886635161463,78.74841353755922,18.332277524986118,11.536512579898316,23.55272763332514,0.40178507740475694,1600.180874911837,412.8945590721655,LOW
19.569556835431683,84.14979903432359,20.527205940105553,7.953428714702242,13.890907100934331,0.2140095146966972,321.0026824262209,72.60516507269983,LOW
18.682287650177685,85.52813537059238,19.860093597219,4.0040866879285995,25.221473183564857,0.24279796709314683,2906.0485682381404,292.59043488481626,MEDIUM
14.739387459246986,84.12258196677737,47.111534331105844,20.47002767945549,26.643712813766747,0.07818427106678333,528.198179561502,537.7697549610577,HIGH
17.47185231110094,75.51643360451047,40.05665272830963,19.18982940215672,24.162073493874384,0.16125745617956433,3170.531523967653,83.84358270661951,HIGH
17.16785239460467,82.18221438692578,46.93612835389554,17.36126016676505,22.74798704612462,0.17980265966757897,3038.384047689294,593.6591559183997,HIGH
16.207907161962773,76.03692150514206,29.51143605476098,7.020662721628515,29.41925825484828,0.4280489794979548,1679.5813990934366,570.9695543778902,MEDIUM
20.149070966352973,78.20487581350407,24.186159894867668,6.166544371779749,9.887041063754193,0.16306694421646362,2630.851894633568,74.61645401602924,MEDIUM
18.214943748169553,76.1250093536516,41.34367550790316,5.2168854905028965,15.941954378724684,0.23434749410786082,2206.113250981721,562.0455926562463,HIGH
14.688892835215007,81.83985225596857,25.766379295357844,17.032525397912583,13.958899511140302,0.3185217694257119,2830.4571839483324,236.98557644789346,LOW
15.871557216573397,82.70919409167237,24.879651332276495,20.718543292381934,31.712335089570118,0.11487334896315096,1568.1373426721009,511.48422523324166,LOW
19.807699491106565,76.702120199692,22.67269774285843,11.749644776434666,17.345354712004962,0.2445769548567498,2771.74884643079,268.4785024965648,MEDIUM
14.647112305667552,79.53030827197229,19.279406281399766,6.1445320959288665,25.58270478176957,0.34541561579036306,1672.353178021503,281.28741424043403,LOW
21.235258769414536,80.29048334403319,23.463281013553278,13.223070773177918,24.43340393314411,0.39674208521082643,3299.283678665499,391.5185618571993,MEDIUM
18.20874547961878,79.37505672848962,26.725551699638295,10.278974334255341,13.089949699457065,0.30050370986497066,1753.6651428055018,471.4521289873105,MEDIUM
18.084985907276508,76.77076250509452,37.2418088688091,10.746848638299959,13.73594432507723,0.31762140612677914,1672.9055245746804,49.25981604050172,HIGH
19.0354661696059,79.89895179696849,17.064639793241902,15.18395123480273,14.750829525272819,0.10051338903382759,2769.244329315943,368.09891745046656,LOW
21.009788210363766,83.38736950198839,21.946729008956318,16.93692603871964,17.867054678225102,0.4283105988985389,2893.364151986849,136.43780663550146,LOW
16.956378267168642,76.24558047759918,41.69778012962532,5.990864779716896,13.623801575612642,0.10302963099379295,1985.2629886919806,227.19122518202568,HIGH
19.763137296752042,76.34189014785998,19.848423478264436,4.6406241545165745,8.471635585924346,0.35986917487271936,711.3125658832563,228.3421397084734,LOW
18.808721693964223,79.22509856427783,26.30728983524321,21.897945448342867,29.10543336337269,0.15592652871132753,1690.3779852557705,297.3643939260576,LOW
16.26974029644008,85.38811997199872,43.53374442131862,8.189110280479934,31.17463595314122,0.42343725748050065,3391.4465098929063,220.4577547694188,HIGH
21.468354884018844,82.5200127905906,20.11253526773361,4.968949448352263,16.19768928875763,0.3379838157477918,2660.1530563332294,91.19583751688063,LOW
20.77812118365889,82.62603454506193,17.730315575400265,7.41775592372656,16.12416510621135,0.3515254851913476,2857.9528531890496,113.00838095950732,MEDIUM
19.596840594596618,79.30015990379758,30.989753837640357,4.701241234272356,8.170203506584905,0.13762366922395333,211.60669598541642,49.05965176982568,MEDIUM
21.229944697301057,81.73343830768965,24.9798438721917,11.05259610310909,24.326016519928977,0.22721599065406434,1690.7221729561436,298.04197863738995,LOW
21.37200070815832,75.60637743229131,33.59247602796719,18.443232120123838,27.81055749796709,0.2971252778357146,2298.5118544356883,574.0351860662034,MEDIUM
20.021085302077797,82.1790084873002,41.52556138595468,10.14240009563897,11.518599208640076,0.35798944728264037,2922.111124335454,95.93487747942643,HIGH
21.11461329109121,85.08951294955048,19.525900109040524,11.995301323810597,11.831992384811617,0.09158375036495583,267.530422181423,569.3707610117567,LOW
19.92850742418891,81.9320214176206,34.1630697902914,16.160561924213898,26.961997999314505,0.43494612658181137,2998.2922111823686,448.0160633972933,MEDIUM
19.781196559962552,84.67383523139662,31.68178909286551,13.160093261257844,22.790977960499472,0.4060882682218224,1964.5631849224999,393.374317672473,LOW
19.25819671482907,83.10171708239399,19.754599938435586,19.506022348383837,9.076653383065208,0.15813943619823373,770.8674999586037,397.80832053443083,LOW
20.39809143623995,76.76586337223874,35.591950022456416,19.588642150823617,22.94112777109476,0.3791040972129328,1178.66773592898,501.2347595858808,MEDIUM
15.348143394991126,84.97575972650134,24.030133789405465,4.178392518840766,15.414025348250386,0.25732956921592937,1058.5604759553066,90.94432269649818,LOW
21.48740145319089,76.19766036573563,31.098532511952413,18.004833516697587,16.849403731300303,0.2347225926248075,1904.9207165808177,317.7099644323588,MEDIUM
21.410669985834474,81.10665846175152,17.71498670114304,12.293204804350129,26.473554039125126,0.17577364232456216,275.7313116978482,427.34194880863237,LOW
14.248601905793752,76.9924397998313,30.16627388804956,21.799129743465937,27.462444624142655,0.282387434652637,639.02293889974,364.4876536919313,LOW
21.01944237980048,75.62291941267449,25.113294445413068,12.698177365757832,17.608559044155935,0.3419556470814391,2863.1563474776603,504.68407048327794,MEDIUM
15.095393873524284,79.93135973134021,42.13857996911669,21.764127016989356,30.731670464152515,0.2143731619851033,550.8535685391575,71.19487413647036,MEDIUM
16.848510261202705,78.59792743036864,16.880297990913153,17.58224850170326,17.755105230849733,0.30168767720331685,893.5473161576317,423.69959251452457,LOW
20.319820178478665,80.60300518487483,28.814040072304888,8.474887923039514,26.524064845522638,0.3297251684621215,1641.460059054135,334.39580631928914,MEDIUM
15.36645911641062,81.56059881071279,30.128236996337456,13.691109627165238,19.613054349542217,0.33444872680611437,1858.2110195853236,246.12169246856774,MEDIUM
20.95271970501203,75.95926025924395,38.92520051787092,21.85844151061449,29.540775836530017,0.0707864392524721,2696.2756306881392,223.9567398733976,MEDIUM
21.073140512640805,76.79153459879933,33.95148997797696,19.43555093953463,29.786269847604288,0.3938991222740268,1620.9302506650383,383.87460068128996,MEDIUM
18.313475736967106,81.36574516272947,37.01800712740797,5.75260408824198,10.098003388906012,0.2333013259060192,2785.539711520832,537.867363547231,HIGH
14.054279909593085,79.10325720831291,40.64262642650795,16.71469594257993,30.475839951445415,0.15496643267848578,2202.3774439545555,312.8202778776357,MEDIUM
16.439824131986757,83.1563216192692,43.45269813072023,10.220432545674635,27.812836196489975,0.14670580299187264,484.53911404099637,500.0922035238445,HIGH
19.24387880619381,82.34906231021537,25.357891391841527,4.125680713846267,26.991457143504004,0.2432056451375802,631.5268905356512,259.2291376510615,LOW
22.3400825132331,84.37884581139403,32.7547492770088,11.262657442485992,12.821872152452539,0.4047326157875837,1585.9146665292208,88.36484379211063,MEDIUM
19.37041497964168,82.77117468002686,42.7235665884936,8.225579591049483,27.322861010111957,0.2013390326730588,1449.4239365027347,65.05826978142397,HIGH
16.20833043904536,80.01427631259655,47.651887321846864,18.739646869368485,28.403185632440884,0.3498902987134173,2628.0505167668016,59.26059165449622,HIGH
19.389048476346694,82.56614953514153,44.354137264444184,10.071950959223779,14.939608026899624,0.08872749239488745,2074.5062753109964,246.68558091587187,HIGH
18.589875727584772,78.3915023296819,27.258419666604432,18.895426491168706,30.85424188069577,0.24042268086042473,1419.6524754076477,222.22551797642998,LOW
20.62868585878472,78.71629173717123,21.440495068215462,4.010762899026315,9.196643513579943,0.4466744561570943,680.5849637313112,439.22410346486464,LOW
14.909335430029147,83.78434417916833,31.149953734417426,9.540744700470144,11.597822077931351,0.3581751211169348,871.2461479066835,453.4082559033735,MEDIUM
20.468737171267236,80.18740492221661,39.474167910589394,8.340973857539716,20.90194731323634,0.1342113953762452,2056.7034627948005,58.9867622352317,HIGH
18.600765918746937,83.8829935754427,31.25477933485882,8.204212499234998,21.81901930693543,0.2505765894791643,1539.6919366592945,156.04025984673854,MEDIUM
22.185432032801454,84.13543492351693,30.944968489351062,5.227359155778329,23.483601999221683,0.14344990545942662,1850.753530126285,186.32925459057282,MEDIUM
16.905913411328832,84.50440454544348,42.661603895699415,7.368236867389031,8.407259103571196,0.21382437090500372,680.3032800275945,342.13883096140137,HIGH
19.37728609163856,85.12466997633268,26.92632470921715,13.999892257941157,31.048802590931125,0.36203360949398594,2353.8812579715236,112.37367762696165,LOW
21.922238896835147,80.02534481538962,43.373224268784305,9.244499311079402,9.070114225619456,0.3584899261161615,2998.631718910288,106.34649505800022,HIGH
14.871332687920773,78.84810159237196,28.42455843140688,11.513106081924663,11.433486865361658,0.14124015116095406,976.994323075462,567.959666848536,MEDIUM
21.966442141509834,81.61308683923819,25.8316924873852,10.783603846249393,8.336348420625367,0.41888932726194406,1771.1483678282104,488.39565715973515,MEDIUM
19.847028639556914,79.39731044609509,29.981667069590067,19.766288649998103,21.604602399058273,0.28702727310593074,3416.792918671066,132.97329419196706,MEDIUM
14.576615002393961,81.81127875140244,40.16074963627066,20.29538198218928,30.374405214103334,0.20196971638480582,1233.021917872474,261.7436505061298,MEDIUM
16.558190319047938,82.90865155776015,19.15806691951181,12.873225489805481,23.982731985931142,0.25077423231234425,2123.157572740788,232.70453957681235,LOW
20.019462753484895,82.72825269416744,21.481834123776572,9.94280710568088,27.743779243530255,0.2920285013750975,406.6653806808308,480.87232221728215,LOW
14.572480112484559,79.43280531371127,46.397679246882035,5.922412672042546,8.318748883005922,0.27395621273831416,2160.451008430107,320.8213623925296,HIGH
18.948448911498325,77.2520321178369,20.791223703584794,21.16125182887771,21.008367163513427,0.24456201421447127,404.7480292357009,102.87435008627621,LOW
16.940005984100132,80.02055805385318,33.7350014917248,5.084085008205355,19.029511460132525,0.2519731216357601,3361.400480100995,451.22547599905903,HIGH
19.277781901023555,76.99723851286004,34.117377399843946,9.357704996229048,19.975230661299033,0.12056476417115447,2533.2530170458585,256.2261475882038,HIGH
14.38880728740636,84.84601886942998,31.157607247658078,9.365191621060074,9.73311644804451,0.37509316172187174,2779.7432796614016,179.86682115032383,HIGH
21.4080628522952,79.1317133377475,36.27659320303501,9.767223150523868,24.42644866566338,0.26670412797640614,2493.954826623565,244.0342145518105,MEDIUM
22.27465623800787,77.1218273458449,22.584281951321408,6.957163178903367,20.077289956607228,0.10243194468188124,2105.0787226599837,313.7212412559309,MEDIUM
22.235461769928378,75.76720147901038,33.23785483663269,18.096905756626548,26.363572396670335,0.3564628406331112,1629.7034556907183,225.5758443576954,MEDIUM
20.37204056981486,82.28113505600808,27.281717423147605,6.204961515387806,19.64697521748117,0.4229775913509403,3018.469491187612,167.88629037730198,MEDIUM
15.105733041110373,82.1874743332748,36.83501956776324,15.428319864756931,11.58515926943437,0.4289227596947848,3353.2412696464144,257.1461564182688,HIGH
